Rk,Player,MP,Season,Age,Team,G,GS,AS,MP,FG,FGA,2P,2PA,3P,3PA,FT,FTA,ORB,DRB,TRB,AST,STL,BLK,TOV,PF,PTS,FG%,2P%,3P%,FT%,TS%,eFG%,Pos,-9999
1,Joel Embiid,2284,2022-23,28,PHI,66,66,1,34.6,11,20.1,10,17.1,1,3,10,11.7,1.7,8.4,10.2,4.2,1,1.7,3.4,3.1,33.1,0.548,0.587,0.33,0.857,0.655,57.304,C,embiijo01
2,Luka Dončić,2391,2022-23,23,DAL,66,66,1,36.2,10.9,22,8.1,13.8,2.8,8.2,7.8,10.5,0.8,7.8,8.6,8,1.4,0.5,3.6,2.5,32.4,0.496,0.588,0.342,0.742,0.609,56.004,G-F,doncilu01
3,Damian Lillard,2107,2022-23,32,POR,58,58,1,36.3,9.6,20.7,5.4,9.4,4.2,11.3,8.8,9.6,0.8,4,4.8,7.3,0.9,0.3,3.3,1.9,32.2,0.463,0.574,0.371,0.914,0.645,56.406,G,lillada01
4,Shai Gilgeous-Alexander,2416,2022-23,24,OKC,68,68,1,35.5,10.4,20.3,9.5,17.8,0.9,2.5,9.8,10.9,0.9,4,4.8,5.5,1.6,1,2.8,2.8,31.4,0.51,0.533,0.345,0.905,0.626,53.077,G,gilgesh01
5,Giannis Antetokounmpo,2024,2022-23,28,MIL,63,63,1,32.1,11.2,20.3,10.5,17.6,0.7,2.7,7.9,12.3,2.2,9.6,11.8,5.7,0.8,0.8,3.9,3.1,31.1,0.553,0.596,0.275,0.645,0.605,57.16,F-G,antetgi01
6,Jayson Tatum,2732,2022-23,24,BOS,74,74,1,36.9,9.8,21.1,6.6,11.8,3.2,9.3,7.2,8.4,1.1,7.7,8.8,4.6,1.1,0.7,2.9,2.2,30.1,0.466,0.558,0.35,0.854,0.607,54.33,F,tatumja01
7,Stephen Curry,1941,2022-23,34,GSW,56,56,1,34.7,10,20.2,5.1,8.8,4.9,11.4,4.6,5,0.7,5.4,6.1,6.3,0.9,0.4,3.2,2.1,29.4,0.493,0.579,0.427,0.915,0.656,61.386,G,curryst01
8,Kevin Durant,1672,2022-23,34,BRKPHO,47,47,1,35.6,10.3,18.3,8.3,13.4,2,4.9,6.5,7.1,0.4,6.3,6.7,5,0.7,1.4,3.3,2.1,29.1,0.56,0.617,0.404,0.919,0.677,61.427,F-G,duranke01
9,LeBron James,1954,2022-23,38,LAL,55,54,1,35.5,11.1,22.2,8.9,15.3,2.2,6.9,4.6,5.9,1.2,7.1,8.3,6.8,0.9,0.6,3.2,1.6,28.9,0.5,0.58,0.321,0.768,0.583,54.922,F-G,jamesle01
10,Donovan Mitchell,2432,2022-23,26,CLE,68,68,1,35.8,10,20.6,6.4,11.3,3.6,9.3,4.7,5.4,0.9,3.3,4.3,4.4,1.5,0.4,2.6,2.5,28.3,0.484,0.566,0.386,0.867,0.614,57.168,G,mitchdo01
11,Devin Booker,1835,2022-23,26,PHO,53,53,0,34.6,9.9,20.1,7.8,14.2,2.1,6,5.8,6.8,0.9,3.7,4.5,5.5,1,0.3,2.7,3,27.8,0.494,0.554,0.351,0.855,0.601,54.592,G,bookede01
12,Kyrie Irving,2241,2022-23,30,BRKDAL,60,60,1,37.4,9.9,20.1,6.8,11.8,3.1,8.3,4.1,4.6,1,4.1,5.1,5.5,1.1,0.8,2.1,2.8,27.1,0.494,0.574,0.379,0.905,0.613,57.19,G,irvinky01
13,Jaylen Brown,2405,2022-23,26,BOS,67,67,1,35.9,10.1,20.6,7.7,13.4,2.4,7.3,3.9,5.1,1.2,5.7,6.9,3.5,1.1,0.4,2.9,2.6,26.6,0.491,0.576,0.335,0.765,0.581,54.989,F-G,brownja02
14,Trae Young,2541,2022-23,24,ATL,73,73,0,34.8,8.2,19,6.1,12.7,2.1,6.3,7.8,8.8,0.8,2.2,3,10.2,1.1,0.1,4.1,1.4,26.2,0.429,0.476,0.335,0.886,0.573,48.489,G,youngtr01
15,Ja Morant,1948,2022-23,23,MEM,61,59,1,31.9,9.3,19.9,7.8,15,1.5,4.9,6.1,8.1,1,4.9,5.9,8.1,1.1,0.3,3.4,1.6,26.2,0.466,0.519,0.307,0.748,0.557,50.412,G,moranja01
16,Zion Williamson,956,2022-23,22,NOP,29,29,1,33,9.8,16.2,9.6,15.5,0.2,0.7,6.1,8.6,2,5,7,4.6,1.1,0.6,3.4,2.2,26,0.608,0.618,0.368,0.714,0.652,61.514,F-C,willizi01
17,Anthony Davis,1904,2022-23,29,LAL,56,54,0,34,9.7,17.2,9.3,15.9,0.3,1.3,6.2,7.9,3.5,9.1,12.5,2.6,1.1,2,2.2,2.6,25.9,0.563,0.589,0.257,0.784,0.627,57.328,F-C,davisan02
18,Lauri Markkanen,2273,2022-23,25,UTA,66,66,1,34.4,8.7,17.3,5.6,9.6,3,7.7,5.3,6,2,6.7,8.6,1.9,0.6,0.6,1.9,2.1,25.6,0.499,0.585,0.391,0.875,0.64,58.603,F-C,markkla01
19,Julius Randle,2737,2022-23,28,NYK,77,77,1,35.5,8.5,18.6,5.7,10.3,2.8,8.3,5.2,6.9,1.8,8.1,10,4.1,0.6,0.3,2.8,3,25.1,0.459,0.553,0.343,0.757,0.581,53.561,F-C,randlju01
20,De'Aaron Fox,2435,2022-23,25,SAC,73,73,1,33.4,9.3,18.2,7.7,13.2,1.6,5,4.7,6,0.5,3.6,4.2,6.1,1.1,0.3,2.5,2.4,25,0.512,0.584,0.324,0.78,0.599,55.71,G,foxde01
21,Zach LaVine,2768,2022-23,27,CHI,77,77,0,35.9,8.7,18,6.1,11,2.6,7.1,4.7,5.6,0.5,3.9,4.5,4.2,0.9,0.2,2.5,2.1,24.8,0.485,0.556,0.375,0.848,0.607,55.836,G-F,lavinza01
22,Brandon Ingram,1538,2022-23,25,NOP,45,45,0,34.2,9,18.6,7.6,14.9,1.4,3.6,5.3,6,0.5,5,5.5,5.8,0.7,0.4,3.3,2.6,24.7,0.484,0.507,0.39,0.882,0.582,52.216,F,ingrabr01
23,Anthony Edwards,2842,2022-23,21,MIN,79,79,1,36,8.9,19.5,6.3,12.2,2.7,7.3,4,5.3,0.6,5.2,5.8,4.4,1.6,0.7,3.3,2.4,24.6,0.459,0.513,0.369,0.756,0.564,52.79,G-F,edwaran01
24,DeMar DeRozan,2682,2022-23,33,CHI,74,74,1,36.2,8.9,17.6,8.3,15.7,0.6,1.9,6.2,7.1,0.5,4.2,4.6,5.1,1.1,0.5,2.1,2.5,24.5,0.504,0.526,0.324,0.872,0.592,52.187,G-F,derozde01
25,Nikola Jokić,2323,2022-23,27,DEN,69,69,1,33.7,9.4,14.8,8.5,12.7,0.8,2.2,4.9,6,2.4,9.4,11.8,9.8,1.3,0.7,3.6,2.5,24.5,0.632,0.675,0.383,0.822,0.701,65.998,C-F,jokicni01
26,Pascal Siakam,2652,2022-23,28,TOR,71,71,1,37.4,8.9,18.5,7.6,14.5,1.3,4,5.2,6.7,1.8,6,7.8,5.8,0.9,0.5,2.4,3.2,24.2,0.48,0.523,0.324,0.774,0.565,51.523,F-C,siakapa01
27,Jalen Brunson,2379,2022-23,26,NYK,68,68,0,35,8.6,17.6,6.7,12.8,2,4.7,4.8,5.8,0.6,3,3.5,6.2,0.9,0.2,2.1,2.2,24,0.491,0.519,0.416,0.829,0.597,54.728,G,brunsja01
28,Kawhi Leonard,1748,2022-23,31,LAC,52,50,0,33.6,8.6,16.8,6.6,11.9,2,4.8,4.7,5.4,1.1,5.4,6.5,3.9,1.4,0.5,1.7,1.6,23.8,0.512,0.551,0.416,0.871,0.623,57.176,F,leonaka01
29,Paul George,1939,2022-23,32,LAC,56,56,1,34.6,8.2,17.9,5.4,10.3,2.8,7.6,4.6,5.3,0.8,5.3,6.1,5.1,1.5,0.4,3.1,2.8,23.8,0.457,0.521,0.371,0.871,0.588,53.586,F-G,georgpa01
30,LaMelo Ball,1268,2022-23,21,CHO,36,36,0,35.2,8.2,20,4.2,9.4,4,10.6,2.8,3.4,1.2,5.3,6.4,8.4,1.3,0.3,3.6,3.3,23.3,0.411,0.45,0.376,0.836,0.541,51.04,G,ballla01
31,Bradley Beal,1673,2022-23,29,WAS,50,50,0,33.5,8.9,17.6,7.3,13.2,1.6,4.4,3.8,4.6,0.8,3.1,3.9,5.4,0.9,0.7,2.9,2.1,23.2,0.506,0.552,0.365,0.842,0.593,55.125,G,bealbr01
32,Kristaps Porziņģis,2120,2022-23,27,WAS,65,65,0,32.6,7.8,15.7,5.7,10.2,2.1,5.5,5.4,6.4,1.8,6.6,8.4,2.7,0.9,1.5,2.1,3,23.2,0.498,0.559,0.385,0.851,0.627,56.532,F-C,porzikr01
33,Jimmy Butler,2138,2022-23,33,MIA,64,64,0,33.4,7.5,13.9,6.9,12.3,0.6,1.6,7.4,8.7,2.2,3.7,5.9,5.3,1.8,0.3,1.6,1.3,22.9,0.539,0.564,0.35,0.85,0.647,55.968,F-G,butleji01
34,Jalen Green,2602,2022-23,20,HOU,76,76,0,34.2,7.4,17.9,5,10.6,2.5,7.3,4.8,6.1,0.6,3.2,3.7,3.7,0.8,0.2,2.6,1.7,22.1,0.416,0.471,0.338,0.786,0.538,48.528,G,greenja05
35,Keldon Johnson,2063,2022-23,23,SAS,63,63,0,32.7,8,17.7,5.9,11.2,2.1,6.5,3.9,5.2,0.9,4.2,5,2.9,0.7,0.2,2.1,2,22,0.452,0.523,0.329,0.749,0.551,51.213,G,johnske04
36,Klay Thompson,2279,2022-23,32,GSW,69,69,0,33,7.9,18.1,3.6,7.6,4.4,10.6,1.7,1.9,0.6,3.6,4.1,2.4,0.7,0.4,1.8,1.9,21.9,0.436,0.47,0.412,0.879,0.576,55.631,G-F,thompkl01
37,Darius Garland,2447,2022-23,23,CLE,69,69,0,35.5,7.6,16.4,5.1,10.4,2.4,6,4,4.7,0.4,2.3,2.7,7.8,1.2,0.1,2.9,2.1,21.6,0.462,0.492,0.41,0.863,0.587,53.72,G,garlada01
38,Bojan Bogdanović,1893,2022-23,33,DET,59,59,0,32.1,7.3,14.9,4.8,9,2.5,6,4.5,5.1,0.6,3.2,3.8,2.6,0.6,0.1,2.3,1.9,21.6,0.488,0.539,0.411,0.884,0.627,56.973,G-F,bogdabo02
39,Desmond Bane,1841,2022-23,24,MEM,58,58,0,31.7,7.8,16.2,4.9,9.2,2.9,7,3.1,3.5,0.7,4.3,5,4.4,1,0.4,2.2,2.6,21.5,0.479,0.534,0.408,0.883,0.606,56.763,G,banede01
40,Kyle Kuzma,2239,2022-23,27,WAS,64,64,0,35,8,17.8,5.5,10.3,2.5,7.5,2.7,3.7,0.9,6.4,7.2,3.7,0.6,0.5,3,2.3,21.2,0.448,0.533,0.333,0.73,0.544,51.839,F,kuzmaky01
41,Terry Rozier,2221,2022-23,28,CHO,63,63,0,35.3,7.8,18.9,5.2,10.8,2.6,8,2.8,3.5,0.8,3.3,4.1,5.1,1.2,0.3,2.1,1.9,21.1,0.415,0.48,0.327,0.809,0.517,48.443,G,roziete01
42,Anfernee Simons,2171,2022-23,23,POR,62,62,0,35,7.5,16.9,4.1,7.8,3.4,9.1,2.6,2.9,0.3,2.3,2.6,4.1,0.7,0.2,2.1,2.3,21.1,0.447,0.528,0.377,0.894,0.581,54.833,G,simonan01
43,James Harden,2135,2022-23,33,PHI,58,58,0,36.8,6.4,14.5,3.6,7.3,2.8,7.2,5.4,6.2,0.7,5.4,6.1,10.7,1.2,0.5,3.4,1.9,21,0.441,0.495,0.385,0.867,0.607,53.622,G,hardeja01
44,CJ McCollum,2649,2022-23,31,NOP,75,75,0,35.3,7.8,17.9,5,10.7,2.8,7.2,2.4,3.2,0.7,3.6,4.4,5.7,0.9,0.5,2.4,2,20.9,0.437,0.469,0.389,0.769,0.541,51.525,G,mccolcj01
45,Jordan Clarkson,1988,2022-23,30,UTA,61,61,0,32.6,7.5,16.9,5,9.4,2.5,7.5,3.3,4,1.2,2.9,4,4.4,0.5,0.2,3,2,20.8,0.444,0.53,0.338,0.816,0.558,51.94,G,clarkjo01
46,Karl-Anthony Towns,957,2022-23,27,MIN,29,29,0,33,7.3,14.8,5.2,9.1,2.1,5.7,4.1,4.7,1.7,6.5,8.1,4.8,0.7,0.6,3,3.8,20.8,0.495,0.576,0.366,0.874,0.618,56.542,C-F,townska01
47,Tyrese Haliburton,1883,2022-23,22,IND,56,56,1,33.6,7.4,15,4.5,7.8,2.9,7.2,3.1,3.6,0.6,3.1,3.7,10.4,1.6,0.4,2.5,1.2,20.7,0.49,0.572,0.4,0.871,0.624,58.561,G,halibty01
48,Jerami Grant,2246,2022-23,28,POR,63,63,0,35.7,6.9,14.5,4.6,8.8,2.3,5.7,4.4,5.4,0.8,3.7,4.5,2.4,0.8,0.8,1.8,2.4,20.5,0.475,0.523,0.401,0.813,0.606,55.422,F,grantje01
49,Dejounte Murray,2693,2022-23,26,ATL,74,74,0,36.4,8.3,17.8,6.5,12.6,1.8,5.2,2.1,2.6,0.7,4.5,5.3,6.1,1.5,0.3,2.2,1.4,20.5,0.464,0.514,0.344,0.832,0.54,51.44,G,murrade01
50,Jordan Poole,2458,2022-23,23,GSW,82,43,0,30,6.7,15.6,4.1,7.8,2.6,7.8,4.4,5.1,0.4,2.4,2.7,4.5,0.8,0.3,3.1,2.6,20.4,0.43,0.524,0.336,0.87,0.573,51.408,G,poolejo01
51,Bam Adebayo,2598,2022-23,25,MIA,75,75,1,34.6,8,14.9,8,14.7,0,0.2,4.3,5.4,2.5,6.7,9.2,3.2,1.2,0.8,2.5,2.8,20.4,0.54,0.545,0.083,0.806,0.592,54.084,C-F,adebaba01
52,Tyrese Maxey,2016,2022-23,22,PHI,60,41,0,33.6,7.3,15.2,4.7,9.1,2.7,6.2,3,3.6,0.4,2.6,2.9,3.5,0.8,0.1,1.3,2.2,20.3,0.481,0.513,0.434,0.845,0.605,56.846,G,maxeyty01
53,Kelly Oubre Jr.,1548,2022-23,27,CHO,48,40,0,32.3,7.4,17.1,5.1,10,2.3,7.1,3.3,4.3,1.4,3.8,5.2,1.1,1.4,0.4,1.3,2.9,20.3,0.431,0.51,0.319,0.76,0.534,49.695,F,oubreke01
54,Mikal Bridges,2963,2022-23,26,BRKPHO,83,83,0,35.7,7.1,15.3,5.1,9.9,2,5.3,3.8,4.3,1,3.4,4.4,3.3,1.1,0.7,1.5,1.9,20.1,0.468,0.514,0.382,0.895,0.587,53.473,F-G,bridgmi01
55,Tyler Herro,2337,2022-23,23,MIA,67,67,0,34.9,7.3,16.6,4.2,8.5,3,8,2.5,2.7,0.4,5,5.4,4.2,0.8,0.2,2.4,1.5,20.1,0.439,0.497,0.378,0.934,0.566,53.066,G,herroty01
56,Jamal Murray,2133,2022-23,25,DEN,65,65,0,32.8,7.3,16,4.6,9.4,2.6,6.6,2.8,3.3,0.7,3.2,4,6.2,1,0.2,2.2,1.6,20,0.454,0.494,0.398,0.833,0.571,53.698,G,murraja01
57,Paolo Banchero,2430,2022-23,20,ORL,72,72,0,33.8,6.7,15.6,5.5,11.6,1.2,4,5.5,7.4,1.2,5.7,6.9,3.7,0.8,0.5,2.8,2.2,20,0.427,0.471,0.298,0.738,0.529,46.48,F,banchpa01
58,RJ Barrett,2475,2022-23,22,NYK,73,73,0,33.9,7,16.1,5.3,10.8,1.7,5.3,4,5.4,0.8,4.2,5,2.8,0.4,0.2,2.2,2.5,19.6,0.434,0.495,0.31,0.74,0.531,48.512,G-F,barrerj01
59,Fred VanVleet,2535,2022-23,28,TOR,69,69,0,36.7,6.3,16.1,3.3,7.3,3,8.8,3.7,4.1,0.4,3.6,4.1,7.2,1.8,0.6,2,2.8,19.3,0.393,0.455,0.342,0.898,0.54,48.606,G,vanvlfr01
60,Jrue Holiday,2183,2022-23,32,MIL,67,65,1,32.6,7.3,15.3,5,9.1,2.4,6.1,2.3,2.6,1.2,3.9,5.1,7.4,1.2,0.4,2.9,1.7,19.3,0.479,0.542,0.384,0.859,0.586,55.621,G,holidjr01
61,Kevin Porter Jr.,2024,2022-23,22,HOU,59,59,0,34.3,6.6,15,4.2,8.5,2.4,6.5,3.5,4.5,1.3,4,5.3,5.7,1.4,0.3,3.2,2.6,19.2,0.442,0.501,0.366,0.784,0.565,52.206,G,porteke02
62,Domantas Sabonis,2736,2022-23,26,SAC,79,79,1,34.6,7.3,11.9,6.9,10.8,0.4,1.1,4.1,5.5,3.2,9.1,12.3,7.3,0.8,0.5,2.9,3.5,19.1,0.615,0.639,0.373,0.742,0.668,63.166,C-F,sabondo01
63,Jaren Jackson Jr.,1787,2022-23,23,MEM,63,63,1,28.4,6.6,13,5,8.6,1.6,4.5,3.8,4.9,1.7,5,6.8,1,1,3,1.7,3.6,18.6,0.506,0.585,0.355,0.788,0.613,56.691,F,jacksja02
64,Franz Wagner,2609,2022-23,21,ORL,80,80,0,32.6,6.8,14,5.2,9.5,1.6,4.5,3.4,4,0.9,3.2,4.1,3.5,1,0.2,2.1,2.3,18.6,0.485,0.544,0.361,0.842,0.589,54.293,G-F,wagnefr01
65,Devin Vassell,1178,2022-23,22,SAS,38,32,0,31,6.9,15.7,4.2,8.7,2.7,7,2.1,2.6,0.2,3.7,3.9,3.6,1.1,0.4,1.5,1.5,18.5,0.439,0.48,0.387,0.78,0.55,52.521,G-F,vassede01
66,Deandre Ayton,2035,2022-23,24,PHO,67,67,0,30.4,7.8,13.2,7.7,12.9,0.1,0.4,2.3,3,2.6,7.4,10,1.7,0.6,0.8,1.8,2.8,18,0.589,0.597,0.292,0.76,0.617,59.245,C,aytonde01
67,Myles Turner,1825,2022-23,26,IND,62,62,0,29.4,6.5,11.8,5,7.8,1.5,4,3.5,4.5,1.4,6.1,7.5,1.4,0.6,2.3,1.7,3.5,18,0.548,0.638,0.373,0.783,0.651,61.187,C-F,turnemy01
68,D'Angelo Russell,2304,2022-23,26,LALMIN,71,71,0,32.5,6.3,13.4,3.5,6.5,2.7,6.9,2.5,3,0.5,2.5,3,6.2,1,0.4,2.6,2,17.8,0.469,0.548,0.396,0.829,0.605,57.173,G,russeda01
69,Nikola Vučević,2746,2022-23,32,CHI,82,82,0,33.5,7.3,14,5.8,9.8,1.5,4.2,1.6,1.9,1.9,9.1,11,3.2,0.7,0.7,1.7,2.2,17.6,0.52,0.594,0.349,0.835,0.594,57.274,C,vucevni01
70,Michael Porter Jr.,1798,2022-23,24,DEN,62,62,0,29,6.4,13.2,3.4,5.9,3,7.3,1.5,1.9,1,4.5,5.5,1,0.6,0.5,1.1,1.9,17.4,0.487,0.579,0.414,0.8,0.621,60.22,F,portemi01
71,Gary Trent Jr.,2118,2022-23,24,TOR,66,44,0,32.1,6.1,14.2,3.6,7.3,2.5,6.8,2.6,3.1,0.5,2.2,2.6,1.6,1.6,0.2,0.8,1.5,17.4,0.433,0.493,0.369,0.839,0.56,52.193,G,trentga02
72,Spencer Dinwiddie,2725,2022-23,29,BRKDAL,79,79,0,34.5,5.8,13.3,3.5,7.1,2.3,6.2,3.4,4.2,0.4,3.1,3.4,6.5,0.8,0.3,1.8,2.4,17.3,0.438,0.498,0.369,0.812,0.573,52.429,G,dinwisp01
73,Andrew Wiggins,1190,2022-23,27,GSW,37,37,0,32.2,6.8,14.3,4.4,8.2,2.4,6.1,1.2,1.9,1.6,3.4,5,2.3,1.2,0.8,1.3,2.9,17.1,0.473,0.53,0.396,0.611,0.564,55.671,F-G,wiggian01
74,Norman Powell,1567,2022-23,29,LAC,60,8,0,26.1,5.7,11.8,3.8,7.1,1.9,4.8,3.8,4.6,0.4,2.5,2.9,1.8,0.8,0.3,1.7,2.1,17,0.479,0.534,0.397,0.812,0.612,55.915,G,powelno01
75,Buddy Hield,2482,2022-23,30,IND,80,73,0,31,5.9,13,2.3,4.5,3.6,8.5,1.3,1.6,0.8,4.2,5,2.8,1.2,0.3,1.7,2,16.8,0.458,0.518,0.425,0.822,0.614,59.634,G-F,hieldbu01
76,OG Anunoby,2386,2022-23,25,TOR,67,67,0,35.6,6.3,13.2,4.2,7.7,2.1,5.5,2.1,2.5,1.4,3.5,5,2,1.9,0.7,2,3,16.8,0.476,0.539,0.387,0.838,0.586,55.593,F,anunoog01
77,Bennedict Mathurin,2222,2022-23,20,IND,78,17,0,28.5,5.3,12.2,4,8.2,1.3,4,4.8,5.8,1.1,3,4.1,1.5,0.6,0.2,1.9,2.1,16.7,0.434,0.488,0.323,0.828,0.566,48.686,G-F,mathube01
78,Christian Wood,1738,2022-23,27,DAL,67,17,0,25.9,5.9,11.5,4.3,7.3,1.6,4.2,3.2,4.2,1.3,6,7.3,1.8,0.4,1.1,1.8,2.5,16.6,0.515,0.594,0.376,0.772,0.624,58.322,F,woodch01
79,Josh Giddey,2367,2022-23,20,OKC,76,76,0,31.1,7.1,14.7,6.1,11.6,1,3.1,1.4,1.9,1.9,5.9,7.9,6.2,0.8,0.4,2.8,1.9,16.6,0.482,0.524,0.325,0.731,0.533,51.61,G,giddejo01
80,Aaron Gordon,2055,2022-23,27,DEN,68,68,0,30.2,6.3,11.2,5.4,8.6,0.9,2.5,2.8,4.6,2.4,4.1,6.6,3,0.8,0.8,1.4,1.9,16.3,0.564,0.628,0.347,0.608,0.617,60.315,F,gordoaa01
81,Jaden Ivey,2304,2022-23,20,DET,74,73,0,31.1,5.5,13.3,3.9,8.6,1.6,4.7,3.6,4.8,1,2.9,3.9,5.2,0.8,0.2,3.2,3.3,16.3,0.416,0.457,0.343,0.747,0.528,47.711,G,iveyja01
82,Evan Mobley,2715,2022-23,21,CLE,79,79,0,34.4,6.6,12,6.4,10.7,0.3,1.3,2.6,3.8,2.4,6.6,9,2.8,0.8,1.5,1.8,2.8,16.2,0.554,0.595,0.216,0.674,0.591,56.6,F-C,mobleev01
83,Brook Lopez,2373,2022-23,34,MIL,78,78,0,30.4,6.1,11.5,4.4,6.9,1.7,4.7,1.9,2.4,2,4.7,6.7,1.3,0.5,2.5,1.4,2.6,15.9,0.531,0.637,0.374,0.784,0.63,60.623,C,lopezbr01
84,Russell Westbrook,2126,2022-23,34,LACLAL,73,24,0,29.1,5.9,13.6,4.7,9.7,1.2,3.9,2.8,4.3,1.2,4.6,5.8,7.5,1,0.5,3.5,2.2,15.9,0.436,0.487,0.311,0.656,0.513,48.083,G,westbru01
85,P.J. Washington,2380,2022-23,24,CHO,73,73,0,32.6,5.9,13.4,3.9,7.5,2,5.9,1.7,2.4,1,3.9,4.9,2.4,0.9,1.1,1.5,2.6,15.7,0.444,0.518,0.348,0.73,0.542,51.994,F,washipj01
86,Cameron Johnson,1199,2022-23,26,BRKPHO,42,41,0,28.5,5.3,11.3,2.9,5.2,2.5,6.1,2.4,2.9,0.8,3.6,4.4,1.9,1.2,0.3,0.9,2,15.5,0.47,0.548,0.404,0.842,0.617,57.911,F,johnsca02
87,De'Andre Hunter,2126,2022-23,25,ATL,67,67,0,31.7,5.7,12.3,4.2,8,1.5,4.3,2.6,3.1,0.7,3.6,4.2,1.4,0.5,0.3,1.2,3,15.4,0.461,0.521,0.35,0.826,0.563,52.19,F,huntede01
88,Scottie Barnes,2678,2022-23,21,TOR,77,76,0,34.8,6,13.2,5.2,10.3,0.8,2.9,2.5,3.2,2.3,4.3,6.6,4.8,1.1,0.8,2,2.2,15.3,0.456,0.505,0.281,0.772,0.524,48.671,G-F,barnesc01
89,Wendell Carter Jr.,1690,2022-23,23,ORL,57,54,0,29.6,5.6,10.8,4.2,6.8,1.4,3.9,2.5,3.4,2.1,6.6,8.7,2.3,0.5,0.6,1.9,2.8,15.2,0.525,0.624,0.356,0.738,0.621,59.054,C,cartewe01
90,Kevin Huerter,2203,2022-23,24,SAC,75,75,0,29.4,5.6,11.5,2.9,4.7,2.7,6.8,1.3,1.7,0.6,2.8,3.3,2.9,1.1,0.3,1.3,2.4,15.2,0.485,0.604,0.402,0.725,0.617,60.335,G,huertke01
91,Khris Middleton,801,2022-23,31,MIL,33,19,0,24.3,5.4,12.3,3.8,7.4,1.5,4.9,2.8,3.1,0.8,3.4,4.2,4.9,0.7,0.2,2.2,2.1,15.1,0.436,0.516,0.315,0.902,0.551,49.877,F-G,middlkh01
92,Harrison Barnes,2662,2022-23,30,SAC,82,82,0,32.5,4.6,9.6,3,5.3,1.6,4.3,4.3,5,1.1,3.4,4.5,1.6,0.7,0.1,1,1.3,15,0.473,0.553,0.374,0.847,0.632,55.626,F,barneha02
93,Immanuel Quickley,2344,2022-23,23,NYK,81,21,0,28.9,5.2,11.6,3.1,6,2.1,5.6,2.5,3.1,0.7,3.4,4.2,3.4,1,0.2,1.2,2,14.9,0.448,0.521,0.37,0.819,0.578,53.739,G,quickim01
94,Malcolm Brogdon,1744,2022-23,30,BOS,67,0,0,26,5.3,10.9,3.3,6.5,2,4.4,2.4,2.7,0.6,3.6,4.2,3.7,0.7,0.3,1.5,1.6,14.9,0.484,0.51,0.444,0.87,0.615,57.377,G,brogdma01
95,Alperen Sengun,2171,2022-23,20,HOU,75,72,0,28.9,5.9,10.7,5.6,9.9,0.3,0.8,2.7,3.8,3.2,5.8,9,3.9,0.9,0.9,2.6,3.4,14.8,0.553,0.57,0.333,0.715,0.599,56.508,C-F,sengual01
96,Tobias Harris,2436,2022-23,30,PHI,74,74,0,32.9,5.7,11.4,4,7,1.7,4.4,1.5,1.7,0.9,4.8,5.7,2.5,0.9,0.5,1.2,2,14.7,0.501,0.57,0.389,0.876,0.602,57.515,F,harrito02
97,Gordon Hayward,1577,2022-23,32,CHO,50,50,0,31.5,5.5,11.6,4.5,8.4,1,3.2,2.6,3.2,0.7,3.6,4.3,4.1,0.8,0.2,2,1.4,14.7,0.475,0.532,0.325,0.811,0.563,51.979,F-G,haywago01
98,Trey Murphy III,2448,2022-23,22,NOP,79,65,0,31,4.9,10.1,2.3,3.8,2.6,6.3,2.2,2.4,0.7,2.8,3.6,1.4,1.1,0.5,0.8,2,14.5,0.484,0.611,0.406,0.905,0.65,61,F,murphtr02
99,Tim Hardaway Jr.,2152,2022-23,30,DAL,71,45,0,30.3,4.8,11.9,1.8,4.2,3,7.7,1.8,2.3,0.3,3.2,3.5,1.8,0.7,0.2,0.8,1.7,14.4,0.401,0.431,0.385,0.77,0.554,52.656,G,hardati02
100,Dillon Brooks,2214,2022-23,27,MEM,73,73,0,30.3,5.4,13.6,3.4,7.6,2,6,1.6,2.1,0.6,2.7,3.3,2.6,0.9,0.2,1.4,3.3,14.3,0.396,0.451,0.326,0.779,0.494,46.771,F-G,brookdi01
101,Collin Sexton,1145,2022-23,24,UTA,48,15,0,23.9,4.9,9.8,3.9,7.2,1,2.5,3.4,4.1,0.8,1.4,2.2,2.9,0.6,0.1,1.8,2.3,14.3,0.506,0.546,0.393,0.819,0.616,55.769,G,sextoco01
102,Jarrett Allen,2220,2022-23,24,CLE,68,68,0,32.6,5.9,9.2,5.9,9.1,0,0.1,2.4,3.3,3.3,6.5,9.8,1.7,0.8,1.2,1.4,2.3,14.3,0.644,0.653,0.1,0.733,0.67,64.457,C-F,allenja01
103,Jonas Valančiūnas,1968,2022-23,30,NOP,79,79,0,24.9,5.6,10.3,5.2,8.9,0.5,1.4,2.3,2.8,2.8,7.3,10.2,1.8,0.3,0.7,2,3.1,14.1,0.547,0.577,0.349,0.826,0.61,56.985,C,valanjo01
104,Bobby Portis,1818,2022-23,27,MIL,70,22,0,26,5.7,11.5,4.3,7.8,1.4,3.7,1.4,1.8,2.2,7.4,9.6,1.5,0.4,0.2,1.2,1.6,14.1,0.496,0.555,0.37,0.768,0.575,55.479,F,portibo01
105,Jalen Williams,2276,2022-23,21,OKC,75,62,0,30.3,5.5,10.6,4.5,7.9,1,2.7,2.1,2.5,1.1,3.4,4.5,3.3,1.4,0.5,1.6,2.5,14.1,0.521,0.579,0.356,0.812,0.601,56.738,G,willija06
106,Bogdan Bogdanović,1508,2022-23,30,ATL,54,9,0,27.9,5.1,11.3,2.4,4.6,2.7,6.7,1.2,1.4,0.4,2.6,3.1,2.8,0.8,0.3,1.2,1.6,14,0.447,0.506,0.406,0.831,0.586,56.628,G,bogdabo01
107,Markelle Fultz,1778,2022-23,24,ORL,60,60,0,29.6,5.8,11.3,5.4,9.9,0.5,1.5,1.9,2.4,1.2,2.8,3.9,5.7,1.5,0.4,2.3,2.2,14,0.514,0.544,0.31,0.783,0.564,53.387,G,fultzma01
108,Chris Paul,1889,2022-23,37,PHO,59,59,0,32,5,11.3,3.3,6.9,1.7,4.4,2.3,2.7,0.5,3.8,4.3,8.9,1.5,0.4,1.9,2.1,13.9,0.44,0.482,0.375,0.831,0.555,51.347,G,paulch01
109,Saddiq Bey,2129,2022-23,23,ATLDET,77,37,0,27.6,4.6,10.9,2.6,5.4,2,5.4,2.7,3.1,1.3,3.4,4.7,1.5,0.9,0.2,0.9,1.6,13.8,0.422,0.483,0.361,0.861,0.564,51.256,F,beysa01
110,Luguentz Dort,2272,2022-23,23,OKC,74,73,0,30.7,4.6,11.8,2.8,6.3,1.8,5.5,2.7,3.5,1.7,2.9,4.6,2.1,1,0.3,1.2,3.3,13.7,0.388,0.44,0.33,0.772,0.513,46.564,G,dortlu01
111,Malik Monk,1719,2022-23,24,SAC,77,0,0,22.3,4.6,10.3,2.8,5.2,1.9,5.2,2.4,2.7,0.4,2.2,2.6,3.9,0.6,0.3,1.9,1.6,13.5,0.448,0.538,0.359,0.889,0.587,53.832,G,monkma01
112,Rudy Gobert,2148,2022-23,30,MIN,70,70,0,30.7,5.1,7.8,5.1,7.8,0,0,3.1,4.9,3.3,8.3,11.6,1.2,0.8,1.4,1.7,3,13.4,0.659,0.663,0,0.644,0.675,65.934,C,goberru01
113,Jusuf Nurkić,1391,2022-23,28,POR,52,52,0,26.8,5,9.7,4.2,7.4,0.8,2.3,2.4,3.7,2.2,6.9,9.1,2.9,0.8,0.8,2.3,3.6,13.3,0.519,0.567,0.361,0.661,0.589,56.139,C,nurkiju01
114,Kris Dunn,568,2022-23,28,UTA,22,3,0,25.8,5.3,9.8,4.5,8.2,0.8,1.6,1.9,2.4,0.4,4.1,4.5,5.6,1.1,0.5,1.6,2.6,13.2,0.537,0.55,0.472,0.774,0.606,57.639,G,dunnkr01
115,John Collins,2130,2022-23,25,ATL,71,71,0,30,5.1,10,4.1,6.6,1,3.4,2,2.5,1.1,5.4,6.5,1.2,0.6,1,1.1,3.1,13.1,0.508,0.619,0.292,0.803,0.593,55.728,F,collijo01
116,Cole Anthony,1552,2022-23,22,ORL,60,4,0,25.9,4.6,10.2,3.4,6.7,1.3,3.4,2.5,2.8,0.8,4,4.8,3.9,0.6,0.5,1.5,2.6,13,0.454,0.5,0.364,0.894,0.57,51.557,G,anthoco01
117,Austin Reaves,1843,2022-23,24,LAL,64,22,0,28.8,4,7.7,2.7,4.3,1.3,3.4,3.6,4.1,0.5,2.5,3,3.4,0.5,0.3,1.5,1.7,13,0.529,0.631,0.398,0.864,0.687,61.633,G,reaveau01
118,Tre Jones,1984,2022-23,23,SAS,68,65,0,29.2,5,10.9,4.4,8.6,0.7,2.3,2.2,2.5,0.8,2.8,3.6,6.6,1.3,0.1,1.6,1.4,12.9,0.459,0.506,0.285,0.86,0.534,48.923,G,jonestr01
119,Jabari Smith Jr.,2451,2022-23,19,HOU,79,79,0,31,4.6,11.3,3.1,6.3,1.5,4.9,2.1,2.6,1.5,5.7,7.2,1.3,0.5,0.9,1.3,2.9,12.8,0.408,0.487,0.307,0.786,0.514,47.534,F,smithja05
120,Alec Burks,1122,2022-23,31,DET,51,8,0,22,3.9,9,2,4.3,1.9,4.7,3,3.7,0.4,2.7,3.1,2.2,0.7,0.2,1.1,1.9,12.8,0.436,0.459,0.414,0.814,0.602,54.357,G,burksal01
121,KJ Martin,2292,2022-23,22,HOU,82,49,0,28,5,8.8,4.2,6.1,0.8,2.6,1.8,2.7,1.5,4,5.5,1.5,0.5,0.4,1.1,1.8,12.7,0.569,0.679,0.315,0.68,0.635,61.667,F,martike04
122,Malik Beasley,2093,2022-23,26,LALUTA,81,27,0,25.8,4.6,11.6,1.7,3.4,2.9,8.1,0.6,0.8,0.4,3.1,3.5,1.5,0.8,0.1,1.1,1.3,12.7,0.395,0.484,0.357,0.769,0.531,52.028,G,beaslma01
123,Nic Claxton,2271,2022-23,23,BRK,76,76,0,29.9,5.4,7.7,5.4,7.7,0,0,1.8,3.2,2.4,6.8,9.2,1.9,0.9,2.5,1.3,2.8,12.6,0.705,0.708,0,0.541,0.691,70.528,C,claxtni01
124,Dennis Schröder,1986,2022-23,29,LAL,66,50,0,30.1,4.1,9.8,3,6.4,1.1,3.4,3.3,3.8,0.3,2.2,2.5,4.5,0.8,0.2,1.7,2.2,12.6,0.415,0.461,0.329,0.857,0.545,47.231,G,schrode01
125,Jakob Poeltl,1906,2022-23,27,SASTOR,72,71,0,26.5,5.4,8.6,5.4,8.6,0,0,1.7,2.8,3.3,5.8,9.1,2.7,0.9,1.2,1.7,2.7,12.5,0.629,0.63,0,0.592,0.635,62.945,C,poeltja01
126,Kelly Olynyk,1942,2022-23,31,UTA,68,68,0,28.6,4.1,8.2,2.7,4.7,1.4,3.5,2.9,3.4,1.2,5,6.2,3.7,0.9,0.5,2.5,3.4,12.5,0.499,0.576,0.394,0.853,0.643,58.259,C-F,olynyke01
127,Eric Gordon,1965,2022-23,34,HOULAC,69,58,0,28.5,4.2,9.5,2.3,4.3,1.9,5.2,2.1,2.5,0.2,1.7,1.9,2.7,0.6,0.4,1.5,1.1,12.4,0.446,0.535,0.371,0.821,0.587,54.671,G-F,gordoer01
128,Derrick White,2319,2022-23,28,BOS,82,70,0,28.3,4.3,9.2,2.5,4.5,1.8,4.8,2,2.3,0.6,2.9,3.6,3.9,0.7,0.9,1.2,2.2,12.4,0.462,0.548,0.381,0.875,0.604,56.003,G,whitede01
129,Keegan Murray,2382,2022-23,22,SAC,80,78,0,29.8,4.4,9.8,1.9,3.5,2.6,6.3,0.8,1,1.1,3.5,4.6,1.2,0.8,0.5,0.8,2,12.2,0.453,0.527,0.411,0.765,0.597,58.44,F,murrake02
130,Caris LeVert,2237,2022-23,28,CLE,74,30,0,30.2,4.3,10,2.6,5.6,1.7,4.4,1.8,2.4,0.7,3.1,3.8,3.9,1,0.3,1.6,2.3,12.1,0.431,0.462,0.392,0.722,0.546,51.685,G-F,leverca01
131,Jaden McDaniels,2416,2022-23,22,MIN,79,79,0,30.6,4.7,9.1,3.3,5.7,1.4,3.4,1.3,1.8,1.2,2.7,3.9,1.9,0.9,1,1.4,3.4,12.1,0.517,0.588,0.398,0.736,0.611,59.148,F,mcdanja02
132,Marvin Bagley III,990,2022-23,23,DET,42,25,0,23.6,4.8,9.1,4.4,7.5,0.5,1.6,1.9,2.6,2.2,4.2,6.4,0.9,0.5,0.7,1.1,1.9,12,0.529,0.579,0.288,0.75,0.587,55.366,F-C,baglema01
133,Clint Capela,1730,2022-23,28,ATL,65,63,0,26.6,5.4,8.2,5.4,8.2,0,0,1.2,2,4,7.1,11,0.9,0.7,1.2,0.8,2.1,12,0.653,0.654,0,0.603,0.656,65.299,C,capelca01
134,Mike Conley,2029,2022-23,35,MINUTA,67,66,0,30.3,3.9,9.1,1.9,3.9,2,5.2,2.1,2.5,0.5,2.2,2.7,6.7,1.1,0.2,1.5,2.1,11.9,0.428,0.486,0.385,0.834,0.583,53.852,G,conlemi01
135,Bones Hyland,1085,2022-23,22,DENLAC,56,1,0,19.4,4.1,10.2,2,4.6,2.1,5.6,1.5,1.8,0.4,2.1,2.4,3.1,0.7,0.3,1.5,1.7,11.8,0.399,0.434,0.371,0.843,0.535,50.175,G,hylanbo01
136,Lonnie Walker IV,1297,2022-23,24,LAL,56,32,0,23.2,4.2,9.4,2.6,5,1.6,4.4,1.6,1.9,0.3,1.7,1.9,1.1,0.5,0.3,0.8,1.3,11.7,0.448,0.522,0.365,0.858,0.57,53.416,G,walkelo01
137,Zach Collins,1441,2022-23,25,SAS,63,26,0,22.9,4.5,8.7,3.6,6.4,0.9,2.3,1.7,2.3,1.8,4.5,6.4,2.9,0.6,0.8,2,3.2,11.6,0.518,0.571,0.374,0.761,0.599,56.843,C-F,colliza01
138,Bruce Brown,2280,2022-23,26,DEN,80,31,0,28.5,4.5,9.3,3.3,6.1,1.1,3.2,1.5,1.9,0.8,3.3,4.1,3.4,1.1,0.6,1.5,2.4,11.5,0.483,0.548,0.358,0.758,0.571,54.453,G-F,brownbr01
139,Max Strus,2272,2022-23,26,MIA,80,33,0,28.4,4.1,9.9,1.6,2.8,2.5,7,1,1.1,0.6,2.6,3.2,2.1,0.5,0.2,0.9,2.1,11.5,0.41,0.559,0.35,0.876,0.557,53.481,G,strusma01
140,Marcus Smart,1957,2022-23,28,BOS,61,61,0,32.1,4.1,9.9,2.2,4.3,1.9,5.6,1.4,1.9,0.8,2.4,3.1,6.3,1.5,0.4,2.3,2.8,11.5,0.415,0.519,0.336,0.746,0.538,51.08,G,smartma01
141,Naz Reid,1251,2022-23,23,MIN,68,11,0,18.4,4.6,8.5,3.5,5.3,1.1,3.2,1.3,1.9,1.1,3.8,4.9,1.1,0.6,0.8,1.4,2.6,11.5,0.537,0.653,0.346,0.677,0.617,60.225,F,reidna01
142,John Wall,755,2022-23,32,LAC,34,3,0,22.2,4.1,9.9,3.1,6.7,1,3.2,2.3,3.3,0.4,2.3,2.7,5.2,0.8,0.4,2.4,1.7,11.4,0.408,0.459,0.303,0.681,0.498,45.71,G,walljo01
143,Isaiah Stewart,1414,2022-23,21,DET,50,47,0,28.3,3.9,8.8,2.6,4.7,1.3,4.1,2.2,3,2.3,5.8,8.1,1.4,0.4,0.7,1.4,2.7,11.3,0.442,0.542,0.327,0.738,0.56,51.814,F-C,stewais01
144,Quentin Grimes,2121,2022-23,22,NYK,71,66,0,29.9,4,8.5,1.8,2.7,2.2,5.7,1.1,1.4,0.7,2.5,3.2,2.1,0.7,0.4,1,2.5,11.3,0.468,0.641,0.386,0.796,0.619,59.884,G,grimequ01
145,Rui Hachimura,1466,2022-23,24,LALWAS,63,9,0,23.3,4.5,9.3,3.7,6.7,0.8,2.5,1.4,1.9,0.8,3.7,4.5,0.9,0.3,0.4,0.8,1.1,11.2,0.486,0.55,0.319,0.739,0.556,52.997,F,hachiru01
146,Marcus Morris,1825,2022-23,33,LAC,65,65,0,28.1,4.2,9.9,2.5,5.2,1.7,4.7,1,1.3,0.4,3.5,4,1.8,0.6,0.3,0.9,2.1,11.2,0.426,0.484,0.364,0.782,0.534,51.322,F,morrima03
147,Kyle Lowry,1718,2022-23,36,MIA,55,44,0,31.2,3.6,8.8,1.6,3.2,1.9,5.6,2.1,2.5,0.8,3.3,4.1,5.1,1,0.4,1.9,2.6,11.2,0.404,0.509,0.345,0.859,0.565,51.443,G,lowryky01
148,Corey Kispert,2093,2022-23,23,WAS,74,45,0,28.3,3.9,7.9,1.7,2.7,2.2,5.2,1,1.2,0.4,2.4,2.8,1.2,0.4,0.1,0.7,1.3,11.1,0.497,0.637,0.424,0.852,0.657,63.675,G-F,kispeco01
149,Jeremy Sochan,1458,2022-23,19,SAS,56,53,0,26,4.5,9.9,3.9,7.5,0.6,2.4,1.4,2.1,1.7,3.6,5.3,2.5,0.8,0.4,1.7,2.5,11,0.453,0.519,0.246,0.698,0.509,48.279,F-G,sochaje01
150,Mason Plumlee,2054,2022-23,32,CHOLAC,79,60,0,26,4.2,6.1,4.2,6.1,0,0,2.5,4,2.9,6,8.9,3.1,0.6,0.6,1.5,2.7,10.8,0.68,0.68,,0.636,0.689,67.975,C-F,plumlma01
151,Jaylen Nowell,1252,2022-23,23,MIN,65,2,0,19.3,4.3,9.6,3.3,6,1,3.6,1.2,1.5,0.6,2.1,2.6,2,0.6,0.1,1,1.6,10.8,0.448,0.542,0.289,0.778,0.527,50.16,G,nowelja01
152,Kentavious Caldwell-Pope,2381,2022-23,29,DEN,76,76,0,31.3,3.8,8.3,2.1,4.1,1.8,4.2,1.4,1.6,0.5,2.3,2.7,2.4,1.5,0.5,1.1,1.9,10.8,0.462,0.502,0.423,0.824,0.598,56.883,G,caldwke01
153,Ivica Zubac,2170,2022-23,25,LAC,76,76,0,28.6,4.3,6.8,4.3,6.7,0,0,2.2,3.1,3.1,6.8,9.9,1,0.4,1.3,1.5,2.9,10.8,0.634,0.637,0,0.697,0.661,63.424,C,zubaciv01
154,Talen Horton-Tucker,1313,2022-23,22,UTA,65,20,0,20.2,4,9.4,3.1,6.3,0.9,3.1,1.9,2.6,0.6,2.6,3.2,3.8,0.6,0.4,1.9,1.7,10.7,0.419,0.485,0.286,0.75,0.508,46.656,G-F,hortota01
155,Victor Oladipo,1106,2022-23,30,MIA,42,2,0,26.3,3.8,9.6,2.1,4.5,1.7,5,1.4,1.9,0.4,2.7,3,3.5,1.4,0.3,2.1,2.4,10.7,0.397,0.471,0.33,0.747,0.513,48.387,G,oladivi01
156,Cam Thomas,948,2022-23,21,BRK,57,4,0,16.6,3.5,8,2.6,5.7,0.9,2.3,2.6,3.1,0.1,1.5,1.7,1.4,0.4,0.1,1.1,1,10.6,0.441,0.464,0.383,0.868,0.567,49.671,G,thomaca02
157,Moritz Wagner,1109,2022-23,25,ORL,57,18,0,19.5,3.5,6.9,2.6,4.1,0.9,2.9,2.7,3.2,1.2,3.3,4.5,1.5,0.6,0.2,1.2,2.4,10.5,0.5,0.631,0.313,0.841,0.63,56.439,F-C,wagnemo01
158,Grayson Allen,1972,2022-23,27,MIL,72,70,0,27.4,3.4,7.7,1.4,2.7,2,5.1,1.6,1.8,0.8,2.4,3.3,2.3,0.9,0.2,1,1.6,10.4,0.44,0.518,0.399,0.905,0.612,57.092,G,allengr01
159,Killian Hayes,2154,2022-23,21,DET,76,56,0,28.3,4,10.7,3,7,1.1,3.8,1.2,1.5,0.4,2.5,2.9,6.2,1.4,0.4,2.3,2.9,10.3,0.377,0.429,0.28,0.821,0.455,42.577,G,hayeski01
160,Tyus Jones,1940,2022-23,26,MEM,80,22,0,24.3,3.9,8.9,2.4,4.8,1.5,4.1,1,1.3,0.4,2.2,2.5,5.2,1,0.1,0.9,0.4,10.3,0.438,0.495,0.371,0.8,0.546,52.324,G,jonesty01
161,Cameron Payne,968,2022-23,28,PHO,48,15,0,20.2,3.9,9.4,2.5,5.6,1.4,3.9,1,1.3,0.3,2,2.2,4.5,0.7,0.2,1.7,1.8,10.3,0.415,0.448,0.368,0.766,0.512,49.007,G,payneca01
162,Monte Morris,1695,2022-23,27,WAS,62,61,0,27.3,4,8.3,2.7,5,1.3,3.3,1,1.2,0.4,3,3.4,5.3,0.7,0.2,1,1.2,10.3,0.48,0.543,0.382,0.831,0.579,55.534,G,morrimo01
163,Doug McDermott,1314,2022-23,31,SAS,64,0,0,20.5,3.7,8.2,1.8,3.5,1.9,4.7,0.8,1.1,0.4,1.8,2.2,1.4,0.2,0.1,0.9,1.8,10.2,0.457,0.516,0.413,0.757,0.59,57.457,F,mcderdo01
164,Malaki Branham,1550,2022-23,19,SAS,66,32,0,23.5,4.1,9.3,2.9,5.4,1.2,3.9,0.9,1.1,0.4,2.3,2.7,1.9,0.5,0.1,1.2,1.7,10.2,0.44,0.539,0.302,0.829,0.524,50.327,G,branhma01
165,Reggie Jackson,1657,2022-23,32,DENLAC,68,40,0,24.4,3.9,9.4,2.5,5.2,1.4,4.2,1,1.1,0.4,1.8,2.1,3.4,0.7,0.1,1.7,1.7,10.2,0.411,0.474,0.333,0.91,0.514,48.594,G,jacksre01
166,Patrick Williams,2323,2022-23,21,CHI,82,65,0,28.3,3.8,8.3,2.4,4.9,1.4,3.4,1.1,1.3,1,3,4,1.2,0.9,0.9,1.2,1.8,10.2,0.464,0.498,0.415,0.857,0.576,54.874,F,willipa01
167,De'Anthony Melton,2150,2022-23,24,PHI,77,58,0,27.9,3.6,8.5,1.6,3.2,2,5.2,0.9,1.1,0.9,3.2,4.1,2.6,1.6,0.5,1.3,2.5,10.1,0.425,0.484,0.39,0.793,0.566,54.608,G,meltode01
168,Aaron Nesmith,1816,2022-23,23,IND,73,60,0,24.9,3.5,8.1,1.9,3.8,1.6,4.3,1.6,1.9,0.8,2.9,3.8,1.3,0.8,0.5,1,3.2,10.1,0.427,0.496,0.366,0.838,0.566,52.458,G-F,nesmiaa01
169,Josh Richardson,1530,2022-23,29,NOPSAS,65,10,0,23.5,3.7,8.5,2,4,1.6,4.5,1.1,1.2,0.6,2.1,2.7,2.7,1.1,0.3,1.3,1.8,10.1,0.431,0.506,0.365,0.852,0.555,52.798,G,richajo01
170,James Wiseman,867,2022-23,21,DETGSW,45,22,0,19.3,4.2,7.5,4.1,7.1,0.1,0.4,1.5,2.2,1.6,4.3,5.9,0.7,0.2,0.6,1.1,2.4,10,0.558,0.58,0.2,0.701,0.589,56.342,C,wisemja01
171,Brandon Clarke,1090,2022-23,26,MEM,56,8,0,19.5,4.1,6.2,4.1,6.1,0,0.1,1.8,2.4,1.6,3.9,5.5,1.3,0.6,0.7,1,2.3,10,0.656,0.665,0.167,0.723,0.682,65.759,F,clarkbr01
172,Jonathan Kuminga,1394,2022-23,20,GSW,67,16,0,20.8,3.9,7.4,3.1,5.2,0.8,2.2,1.3,2.1,1,2.4,3.4,1.9,0.6,0.5,1.4,2.3,9.9,0.525,0.59,0.37,0.652,0.597,57.948,F,kuminjo01
173,Onyeka Okongwu,1849,2022-23,22,ATL,80,18,0,23.1,4,6.2,3.9,6.1,0.1,0.2,1.9,2.5,2.7,4.5,7.2,1,0.7,1.3,1,3.1,9.9,0.638,0.647,0.308,0.781,0.678,64.185,F,okongon01
174,Jalen Suggs,1246,2022-23,21,ORL,53,19,0,23.5,3.5,8.4,2.3,4.6,1.2,3.8,1.6,2.2,1,2,3,2.9,1.3,0.5,1.8,2.3,9.9,0.419,0.496,0.327,0.723,0.528,49.324,G,suggsja01
175,Shaedon Sharpe,1779,2022-23,19,POR,80,15,0,22.2,3.8,8.1,2.6,4.6,1.3,3.5,0.9,1.3,0.8,2.2,3,1.2,0.5,0.3,1,1.7,9.9,0.472,0.559,0.36,0.714,0.568,55.093,G,sharpsh01
176,Herbert Jones,1951,2022-23,24,NOP,66,66,0,29.6,3.6,7.6,2.7,5.1,0.8,2.5,1.9,2.4,1.5,2.6,4.1,2.5,1.6,0.6,1.3,3.2,9.8,0.469,0.536,0.335,0.764,0.567,52.495,F,joneshe01
177,Thomas Bryant,1081,2022-23,25,DENLAL,59,26,0,18.3,3.9,6.3,3.5,5.3,0.4,1,1.6,2.1,1.5,4.3,5.7,0.5,0.3,0.5,0.6,1.7,9.8,0.623,0.658,0.441,0.738,0.682,65.854,C,bryanth01
178,Al Horford,1922,2022-23,36,BOS,63,63,0,30.5,3.6,7.6,1.3,2.4,2.3,5.2,0.2,0.3,1.2,5,6.2,3,0.5,1,0.6,1.9,9.8,0.476,0.539,0.446,0.714,0.631,62.735,C-F,horfoal01
179,Josh Hart,2454,2022-23,27,NYKPOR,76,52,0,32.3,3.6,6.8,2.8,4.7,0.8,2.2,1.7,2.3,1.9,5.9,7.8,3.8,1.2,0.3,1.5,2.6,9.8,0.529,0.601,0.372,0.75,0.622,58.75,G,hartjo01
180,Cam Reddish,990,2022-23,23,NYKPOR,40,20,0,24.8,3.5,7.8,2.4,4.2,1.1,3.6,1.6,1.9,0.5,1.8,2.2,1.4,1,0.4,1.2,1.8,9.7,0.446,0.56,0.313,0.853,0.561,51.763,F,reddica01
181,Coby White,1730,2022-23,22,CHI,74,2,0,23.4,3.6,8,1.8,3.4,1.7,4.6,0.8,0.9,0.2,2.6,2.9,2.8,0.7,0.1,1,1.6,9.7,0.443,0.54,0.372,0.871,0.572,55.051,G,whiteco01
182,Keita Bates-Diop,1452,2022-23,27,SAS,67,42,0,21.7,3.5,6.9,2.7,4.8,0.8,2.1,1.8,2.2,1,2.7,3.7,1.5,0.7,0.3,0.8,0.9,9.7,0.508,0.557,0.394,0.793,0.609,56.774,F,bateske01
183,Caleb Martin,2077,2022-23,27,MIA,71,49,0,29.3,3.6,7.7,2.4,4.4,1.2,3.3,1.3,1.6,1.2,3.6,4.8,1.6,1,0.4,1.1,2,9.6,0.464,0.545,0.356,0.805,0.571,54.015,F,martica02
184,Isaiah Joe,1395,2022-23,23,OKC,73,10,0,19.1,3.1,7,0.9,1.6,2.2,5.4,1.1,1.4,0.4,2,2.4,1.2,0.7,0.1,0.5,1.4,9.5,0.441,0.553,0.409,0.82,0.626,59.941,G,joeis01
185,Andrew Nembhard,2073,2022-23,23,IND,75,63,0,27.6,3.8,8.6,2.6,5.1,1.2,3.5,0.7,0.8,0.5,2.2,2.7,4.5,0.9,0.2,1.7,2.4,9.5,0.441,0.504,0.35,0.79,0.528,51.242,G,nembhan01
186,Jalen Smith,1279,2022-23,22,IND,68,31,0,18.8,3.6,7.5,2.8,4.7,0.8,2.8,1.5,2,1.9,3.9,5.8,1,0.3,0.9,1.1,2.3,9.4,0.476,0.593,0.283,0.759,0.565,52.953,F,smithja04
187,Jalen McDaniels,1913,2022-23,25,CHOPHI,80,24,0,23.9,3.5,7.7,2.6,4.8,1,2.9,1.5,1.7,0.8,3.5,4.3,1.6,1,0.4,1.2,2.6,9.4,0.455,0.53,0.332,0.841,0.557,51.783,F,mcdanja01
188,Gabe Vincent,1759,2022-23,26,MIA,68,34,0,25.9,3.4,8.3,1.6,3.2,1.7,5.1,1,1.1,0.4,1.7,2.1,2.5,0.9,0.1,1.4,2.3,9.4,0.402,0.512,0.334,0.872,0.533,50.529,G,vincega01
189,Donte DiVincenzo,1894,2022-23,26,GSW,72,36,0,26.3,3.3,7.5,1.2,2.3,2.1,5.3,0.8,1,1.1,3.4,4.5,3.5,1.3,0.1,1.6,1.8,9.4,0.435,0.525,0.397,0.817,0.593,57.407,G,divindo01
190,Kyle Anderson,1957,2022-23,29,MIN,69,46,0,28.4,3.7,7.2,3,5.7,0.6,1.5,1.4,2,1,4.4,5.3,4.9,1.1,0.9,1.5,2.1,9.4,0.509,0.536,0.41,0.735,0.583,55.253,F-G,anderky01
191,Chris Boucher,1523,2022-23,30,TOR,76,0,0,20,3.4,7,2.6,4.5,0.8,2.5,1.7,2.2,2.1,3.5,5.5,0.4,0.6,0.8,0.5,1.9,9.4,0.493,0.585,0.328,0.762,0.59,55.198,F,bouchch01
192,Hamidou Diallo,996,2022-23,24,DET,56,0,0,17.8,3.8,6.7,3.8,6.3,0.1,0.4,1.6,2.6,1,2.4,3.5,1,0.9,0.3,1.3,2.2,9.3,0.573,0.593,0.238,0.588,0.593,58,G,diallha01
193,Tari Eason,1767,2022-23,21,HOU,82,5,0,21.5,3.6,8,2.9,6,0.7,2.1,1.3,1.8,2.4,3.7,6,1.1,1.2,0.6,1.2,2.3,9.3,0.448,0.486,0.343,0.752,0.525,49.318,F,easonta01
194,Luke Kennard,1315,2022-23,26,LACMEM,59,14,0,22.3,3.2,6.5,0.9,1.9,2.3,4.6,0.6,0.7,0.3,2.4,2.7,1.5,0.5,0.1,0.8,1.4,9.3,0.492,0.487,0.494,0.949,0.684,66.623,G,kennalu01
195,Precious Achiuwa,1140,2022-23,23,TOR,55,12,0,20.7,3.6,7.3,3,5.4,0.5,2,1.6,2.3,1.8,4.1,6,0.9,0.6,0.5,1.1,1.9,9.2,0.485,0.564,0.269,0.702,0.554,52.104,F,achiupr01
196,Seth Curry,1211,2022-23,32,BRK,61,7,0,19.9,3.4,7.4,1.9,3.6,1.5,3.8,0.8,0.9,0.2,1.4,1.6,1.6,0.6,0.1,0.8,1.6,9.2,0.463,0.525,0.405,0.927,0.593,56.793,G,curryse01
197,Walker Kessler,1703,2022-23,21,UTA,74,40,0,23,4,5.6,4,5.6,0,0,1.1,2.1,3.1,5.3,8.4,0.9,0.4,2.3,0.8,2.3,9.2,0.72,0.723,0.333,0.516,0.702,72.101,C,kesslwa01
198,Deni Avdija,2020,2022-23,22,WAS,76,40,0,26.6,3.3,7.6,2.4,4.6,0.9,3.1,1.6,2.2,1,5.4,6.4,2.8,0.9,0.4,1.6,2.8,9.2,0.437,0.53,0.297,0.739,0.535,49.655,G-F,avdijde01
199,Jalen Duren,1670,2022-23,19,DET,67,31,0,24.9,3.9,5.9,3.9,5.9,0,0,1.4,2.3,3.4,5.5,8.9,1.1,0.7,0.9,1.4,2.7,9.1,0.648,0.652,0,0.611,0.655,64.824,C,durenja01
200,Taurean Prince,1192,2022-23,28,MIN,54,4,0,22.1,3.3,7,1.9,3.4,1.4,3.6,1.2,1.4,0.3,2.2,2.4,1.6,0.5,0.3,1.3,2.3,9.1,0.467,0.557,0.381,0.844,0.597,56.464,F,princta02
201,Jae'Sean Tate,677,2022-23,27,HOU,31,7,0,21.8,3.5,7.4,3.1,5.9,0.4,1.5,1.6,2.2,1.3,2.5,3.8,2.7,0.7,0.2,1.5,3.4,9.1,0.48,0.53,0.283,0.725,0.546,50.873,F,tateja01
202,Josh Green,1539,2022-23,22,DAL,60,21,0,25.7,3.4,6.4,2.3,3.6,1.1,2.8,1.1,1.6,0.9,2.1,3,1.7,0.7,0.1,1.2,2.6,9.1,0.537,0.643,0.402,0.723,0.645,62.565,G-F,greenjo02
203,Naji Marshall,1792,2022-23,25,NOP,77,21,0,23.3,3.2,7.4,2.4,4.6,0.9,2.8,1.8,2.3,0.6,3,3.6,2.5,0.7,0.2,1.3,1.5,9.1,0.433,0.513,0.303,0.789,0.539,49.037,F,marshna01
204,Bol Bol,1505,2022-23,23,ORL,70,33,0,21.5,3.7,6.8,3.3,5.2,0.4,1.6,1.2,1.5,1,4.8,5.8,1,0.4,1.2,1.6,1.3,9.1,0.546,0.633,0.265,0.759,0.603,57.741,F-C,bolbo01
205,Santi Aldama,1682,2022-23,22,MEM,77,20,0,21.8,3.2,6.8,2,3.4,1.2,3.5,1.4,1.9,1.1,3.7,4.8,1.3,0.6,0.6,0.8,1.9,9,0.47,0.591,0.353,0.75,0.591,56,F,aldamsa01
206,Daniel Gafford,1604,2022-23,24,WAS,78,47,0,20.6,3.7,5.1,3.7,5.1,0,0,1.6,2.4,2.1,3.5,5.6,1.1,0.4,1.3,1.1,2.4,9,0.732,0.732,,0.679,0.739,73.165,C-F,gaffoda01
207,Jose Alvarado,1310,2022-23,24,NOP,61,10,0,21.5,3.3,8,1.9,4,1.4,4,1.1,1.3,0.5,1.9,2.3,3,1.1,0.2,1.3,2,9,0.411,0.488,0.336,0.813,0.525,49.591,G,alvarjo01
208,Mark Williams,828,2022-23,21,CHO,43,17,0,19.3,3.7,5.8,3.7,5.8,0,0,1.6,2.3,2.2,4.9,7.1,0.4,0.7,1,0.9,2.2,9,0.637,0.637,,0.691,0.659,63.745,C,willima07
209,AJ Griffin,1401,2022-23,19,ATL,72,12,0,19.5,3.4,7.4,2,3.8,1.4,3.6,0.6,0.7,0.5,1.6,2.1,1,0.6,0.2,0.6,1.2,8.9,0.465,0.536,0.39,0.894,0.577,56.004,F,griffaj01
210,Royce O'Neale,2409,2022-23,29,BRK,76,53,0,31.7,3,7.8,0.9,2.3,2.1,5.5,0.7,0.9,0.7,4.3,5.1,3.7,0.9,0.6,1.5,3.1,8.8,0.386,0.379,0.389,0.725,0.538,52.361,F,onealro01
211,Terance Mann,1872,2022-23,26,LAC,81,36,0,23.1,3.4,6.5,2.4,4,1,2.4,1.1,1.5,1,2.5,3.4,2.3,0.5,0.3,1,1.8,8.8,0.519,0.598,0.389,0.78,0.619,59.256,G-F,mannte01
212,Dennis Smith Jr.,1390,2022-23,25,CHO,54,15,0,25.7,3.4,8.4,3,6.3,0.4,2.1,1.4,2,0.5,2.6,3.1,4.8,1.4,0.5,1.5,2.3,8.8,0.412,0.475,0.216,0.736,0.475,43.805,G,smithde03
213,Jaden Hardy,708,2022-23,20,DAL,48,5,0,14.8,3,6.9,1.7,3.7,1.3,3.3,1.4,1.6,0.2,1.6,1.9,1.4,0.4,0.1,1,1.3,8.8,0.438,0.469,0.404,0.823,0.571,53.303,G,hardyja02
214,Jordan Nwora,1188,2022-23,24,INDMIL,62,14,0,19.2,3.1,7.2,1.7,3.8,1.4,3.4,1.1,1.4,0.8,2.9,3.7,1.4,0.4,0.2,1.1,1.2,8.7,0.436,0.462,0.408,0.791,0.561,53.258,F,nworajo01
215,Cedi Osman,1548,2022-23,27,CLE,77,2,0,20.1,3.1,6.9,1.6,2.8,1.5,4.1,1,1.4,0.3,2,2.3,1.5,0.5,0.1,0.7,1.6,8.7,0.451,0.564,0.372,0.694,0.579,56.038,F,osmande01
216,T.J. McConnell,1526,2022-23,30,IND,75,6,0,20.3,3.8,6.9,3.4,6.2,0.3,0.8,0.8,0.9,0.6,2.5,3.1,5.3,1.1,0.1,1.9,1.4,8.7,0.543,0.556,0.441,0.853,0.59,56.814,G,mccontj01
217,Landry Shamet,807,2022-23,25,PHO,40,9,0,20.2,2.8,7.5,1,2.5,1.9,5,1.1,1.3,0.3,1.4,1.7,2.3,0.7,0.1,0.9,1.5,8.7,0.377,0.376,0.377,0.882,0.537,50.167,G,shamela01
218,Steven Adams,1133,2022-23,29,MEM,42,42,0,27,3.7,6.3,3.7,6.2,0,0,1.1,3.1,5.1,6.5,11.5,2.3,0.9,1.1,1.9,2.3,8.6,0.597,0.599,0,0.364,0.564,59.696,C,adamsst01
219,Ayo Dosunmu,2098,2022-23,23,CHI,80,51,0,26.2,3.5,7.1,2.8,4.8,0.7,2.4,0.8,1,0.6,2.2,2.8,2.6,0.8,0.3,1.2,2.3,8.6,0.493,0.583,0.312,0.805,0.567,54.474,G,dosunay01
220,Draymond Green,2297,2022-23,32,GSW,73,73,0,31.5,3.4,6.5,2.9,4.7,0.5,1.8,1.1,1.5,0.9,6.3,7.2,6.8,1,0.8,2.8,3.1,8.5,0.527,0.612,0.305,0.713,0.592,56.962,F,greendr01
221,Shake Milton,1567,2022-23,26,PHI,76,11,0,20.6,3.2,6.6,2.4,4.7,0.7,1.9,1.3,1.5,0.5,2,2.5,3.2,0.3,0.2,1.2,1.6,8.4,0.479,0.521,0.378,0.853,0.575,53.479,G,miltosh01
222,Dorian Finney-Smith,2009,2022-23,29,BRKDAL,66,66,0,30.4,3,7.6,1.2,2.5,1.7,5.1,0.7,0.9,1.7,3.1,4.8,1.5,0.8,0.5,0.9,2.2,8.3,0.391,0.503,0.337,0.763,0.523,50.499,F,finnedo01
223,Terrence Ross,1330,2022-23,31,ORLPHO,63,9,0,21.1,3.2,7.4,1.7,3.3,1.5,4.1,0.4,0.5,0.3,2.1,2.4,1.5,0.6,0.2,0.7,1.5,8.3,0.43,0.507,0.368,0.794,0.544,53.226,F-G,rosste01
224,Gary Harris,1184,2022-23,28,ORL,48,42,0,24.7,2.9,6.4,0.9,1.9,2,4.5,0.6,0.6,0.4,1.6,2,1.2,0.9,0.3,0.6,1.9,8.3,0.45,0.494,0.431,0.9,0.62,60.261,G,harriga01
225,Kevin Love,1240,2022-23,34,CLEMIA,62,20,0,20,2.7,6.8,1.1,2.1,1.6,4.8,1.3,1.5,1,5.5,6.4,1.9,0.3,0.2,1.1,1.6,8.2,0.389,0.516,0.334,0.879,0.548,50.59,F-C,loveke01
226,Nick Richards,1217,2022-23,25,CHO,65,9,0,18.7,3,4.8,3,4.8,0,0,2.1,2.8,2.3,4.1,6.4,0.6,0.2,1.1,0.9,2.4,8.2,0.629,0.628,1,0.749,0.676,63.099,F-C,richani01
227,Georges Niang,1512,2022-23,29,PHI,78,1,0,19.4,2.8,6.4,0.9,1.5,2,4.9,0.5,0.6,0.2,2.1,2.4,1,0.4,0.2,0.7,1.9,8.2,0.442,0.576,0.401,0.867,0.61,59.562,F,niangge01
228,Damion Lee,1506,2022-23,30,PHO,74,5,0,20.4,2.7,6.1,1.2,2.8,1.5,3.3,1.3,1.4,0.5,2.5,3,1.3,0.4,0.1,1.1,1.6,8.2,0.442,0.439,0.445,0.904,0.607,56.416,G,leeda03
229,Aleksej Pokusevski,701,2022-23,21,OKC,34,25,0,20.6,3.2,7.3,2.1,4.3,1.1,3.1,0.6,1,1.3,3.4,4.7,1.9,0.6,1.3,1.3,1.7,8.1,0.434,0.483,0.365,0.629,0.522,51.004,F,pokusal01
230,Grant Williams,2045,2022-23,24,BOS,79,23,0,25.9,2.7,6,1.3,2.3,1.5,3.7,1.2,1.5,1.1,3.5,4.6,1.7,0.5,0.4,1,2.4,8.1,0.454,0.546,0.395,0.77,0.605,57.458,F,willigr01
231,Jevon Carter,1810,2022-23,27,MIL,81,39,0,22.3,3,7,1.2,2.8,1.8,4.2,0.4,0.5,0.4,2.1,2.5,2.4,0.8,0.4,1,2,8,0.423,0.425,0.421,0.816,0.56,54.867,G,carteje01
232,Kenrich Williams,1206,2022-23,28,OKC,53,10,0,22.8,3.4,6.5,2.4,4,0.9,2.5,0.3,0.7,1.8,3.1,4.9,2,0.8,0.3,0.6,2.1,8,0.517,0.608,0.373,0.436,0.585,58.96,G-F,willike04
233,Robert Williams,824,2022-23,25,BOS,35,20,0,23.5,3.6,4.9,3.6,4.8,0,0,0.7,1.2,3,5.4,8.3,1.4,0.6,1.4,1,1.9,8,0.747,0.751,0,0.61,0.742,74.706,C-F,williro04
234,Jarred Vanderbilt,1879,2022-23,23,LALUTA,78,65,0,24.1,3.2,5.8,2.8,4.6,0.4,1.2,1.2,1.8,2.2,5.3,7.5,2.4,1.1,0.3,1.2,2.4,7.9,0.548,0.604,0.322,0.691,0.604,57.982,F,vandeja01
235,Ochai Agbaji,1209,2022-23,22,UTA,59,22,0,20.5,2.8,6.5,1.4,2.7,1.4,3.9,0.9,1.2,0.7,1.3,2.1,1.1,0.3,0.3,0.7,1.7,7.9,0.427,0.532,0.355,0.812,0.561,53.238,G,agbajoc01
236,Chris Duarte,897,2022-23,25,IND,46,12,0,19.5,2.7,7.2,1.5,3.5,1.2,3.8,1.3,1.6,0.4,2.1,2.5,1.4,0.5,0.2,0.9,1.4,7.9,0.369,0.428,0.316,0.847,0.496,45.195,G,duartch01
237,Jeff Green,1091,2022-23,36,DEN,56,4,0,19.5,2.9,5.9,2.3,4,0.5,1.9,1.6,2.1,0.7,1.9,2.6,1.2,0.3,0.3,0.8,1.8,7.8,0.488,0.58,0.288,0.744,0.576,53.354,F,greenje02
238,Tre Mann,1183,2022-23,21,OKC,67,5,0,17.7,2.9,7.5,1.7,3.6,1.2,3.8,0.6,0.8,0.4,1.9,2.3,1.8,0.6,0.2,0.9,1.5,7.7,0.393,0.475,0.315,0.764,0.492,47.405,G,manntr01
239,Pat Connaughton,1443,2022-23,30,MIL,61,33,0,23.7,2.7,6.9,0.9,1.6,1.8,5.3,0.4,0.7,0.8,3.8,4.6,1.3,0.6,0.2,0.5,1.1,7.6,0.392,0.566,0.339,0.659,0.531,52.138,G,connapa01
240,Joe Harris,1527,2022-23,31,BRK,74,33,0,20.6,2.7,5.9,0.8,1.4,1.9,4.5,0.2,0.4,0.3,1.9,2.2,1.4,0.5,0.2,0.6,1.9,7.6,0.457,0.551,0.426,0.643,0.621,61.818,G,harrijo01
241,Trey Lyles,1247,2022-23,27,SAC,74,0,0,16.9,2.5,5.5,1.4,2.3,1.2,3.2,1.4,1.7,0.9,3.1,4.1,0.9,0.4,0.4,0.9,1.3,7.6,0.458,0.595,0.363,0.815,0.607,56.495,F,lylestr01
242,T.J. Warren,687,2022-23,29,BRKPHO,42,0,0,16.4,3.1,6.4,2.6,4.8,0.5,1.6,0.7,0.8,0.6,2.3,2.9,1,0.5,0.3,0.5,1.5,7.5,0.489,0.542,0.328,0.8,0.55,52.963,F,warretj01
243,Torrey Craig,1948,2022-23,32,PHO,79,60,0,24.7,2.9,6.3,1.6,3.1,1.3,3.2,0.4,0.6,1.8,3.6,5.4,1.5,0.6,0.8,0.9,2.3,7.4,0.456,0.518,0.395,0.711,0.566,55.6,G-F,craigto01
244,Obi Toppin,1050,2022-23,24,NYK,67,5,0,15.7,2.8,6.3,1.5,2.6,1.3,3.7,0.6,0.7,0.4,2.4,2.8,1,0.3,0.2,0.6,1,7.4,0.446,0.593,0.344,0.809,0.565,54.773,F,toppiob01
245,Trendon Watford,1182,2022-23,22,POR,62,12,0,19.1,2.9,5.2,2.5,4.2,0.4,1,1.2,1.6,0.7,3.2,3.8,2.1,0.5,0.2,1.1,1.9,7.4,0.56,0.602,0.391,0.72,0.625,59.907,F,watfotr01
246,Devonte' Graham,1338,2022-23,27,NOPSAS,73,8,0,18.3,2.2,5.9,0.6,1.3,1.6,4.6,1.3,1.8,0.3,1.4,1.7,2.7,0.6,0.2,0.7,1.1,7.4,0.374,0.452,0.352,0.748,0.552,51.16,G,grahade01
247,Delon Wright,1221,2022-23,30,WAS,50,14,0,24.4,2.8,5.8,1.9,3.4,0.8,2.4,1,1.2,1.2,2.4,3.6,3.9,1.8,0.3,0.9,1.2,7.4,0.474,0.564,0.345,0.867,0.581,54.467,G,wrighde01
248,Mitchell Robinson,1591,2022-23,24,NYK,59,58,0,27,3.2,4.7,3.2,4.7,0,0,1,2.1,4.5,4.9,9.4,0.9,0.9,1.8,0.7,2.7,7.4,0.671,0.671,,0.484,0.652,67.143,C,robinmi01
249,Josh Okogie,1350,2022-23,24,PHO,72,26,0,18.8,2.3,5.8,1.3,3,0.9,2.7,1.9,2.7,1.5,2,3.5,1.5,0.8,0.5,0.9,1.6,7.3,0.391,0.442,0.335,0.724,0.531,47.101,G,okogijo01
250,Isaiah Jackson,1042,2022-23,21,IND,63,12,0,16.5,2.8,5,2.8,4.8,0,0.2,1.5,2.3,1.8,2.7,4.5,0.8,0.5,1.5,0.8,2.4,7.2,0.563,0.582,0.143,0.651,0.595,56.604,C-F,jacksis01
251,Reggie Bullock,2364,2022-23,31,DAL,78,55,0,30.3,2.5,6,0.5,0.9,1.9,5.1,0.3,0.5,0.4,3.2,3.6,1.4,0.7,0.2,0.5,2.1,7.2,0.409,0.562,0.38,0.703,0.577,56.915,G-F,bullore01
252,Edmond Sumner,736,2022-23,27,BRK,53,12,0,13.9,2.3,5.1,1.8,3.4,0.6,1.6,1.9,2,0.2,1.2,1.5,1.3,0.6,0.2,0.9,1.6,7.1,0.461,0.511,0.356,0.917,0.597,51.859,G,sumneed01
253,Troy Brown Jr.,1860,2022-23,23,LAL,76,45,0,24.5,2.6,6.1,1.2,2.4,1.4,3.7,0.4,0.5,0.8,3.2,4.1,1.3,0.8,0.2,0.6,1.6,7.1,0.43,0.505,0.381,0.872,0.561,54.516,G-F,browntr01
254,Kendrick Nunn,964,2022-23,27,LALWAS,70,2,0,13.8,2.7,6.4,1.6,3.2,1.1,3.2,0.5,0.6,0.2,1.3,1.6,1.3,0.4,0.1,0.9,0.9,7.1,0.424,0.493,0.354,0.854,0.53,51.222,G,nunnke01
255,Kevon Looney,1958,2022-23,26,GSW,82,70,0,23.9,3,4.7,3,4.7,0,0,1.1,1.9,3.3,5.9,9.3,2.5,0.6,0.6,0.5,2.7,7,0.63,0.632,0,0.606,0.639,63.021,F-C,looneke01
256,Xavier Tillman Sr.,1180,2022-23,24,MEM,61,29,0,19.3,3.1,5,3,4.8,0.1,0.2,0.8,1.5,2,3,5,1.6,1,0.5,0.7,1.6,7,0.614,0.632,0.267,0.551,0.621,62.092,F,tillmxa01
257,Eugene Omoruyi,645,2022-23,25,DETOKC,40,6,0,16.1,2.5,5.7,1.9,3.5,0.6,2.2,1.3,1.9,1.1,1.7,2.8,0.7,0.7,0.1,0.9,2.3,7,0.443,0.547,0.281,0.68,0.533,49.781,F,omorueu01
258,Ben Simmons,1105,2022-23,26,BRK,42,33,0,26.3,3.2,5.6,3.2,5.5,0,0,0.6,1.4,1,5.3,6.3,6.1,1.3,0.6,2.3,3.3,6.9,0.566,0.571,0,0.439,0.559,56.596,G-F,simmobe01
259,Romeo Langford,844,2022-23,23,SAS,43,21,0,19.6,2.8,6,2.4,4.6,0.4,1.4,0.9,1.3,1.3,1.3,2.7,1.2,0.6,0.3,0.7,1.6,6.9,0.467,0.53,0.262,0.696,0.524,49.807,G,langfro01
260,Joe Ingles,1044,2022-23,35,MIL,46,0,0,22.7,2.3,5.4,0.5,1,1.8,4.4,0.4,0.5,0.3,2.5,2.8,3.3,0.7,0.1,1.2,1.6,6.9,0.435,0.556,0.409,0.857,0.616,60.282,F-G,inglejo01
261,Cory Joseph,1227,2022-23,31,DET,62,2,0,19.8,2.4,5.7,1.3,2.8,1.1,2.9,0.9,1.2,0.3,1.4,1.7,3.5,0.5,0.1,0.9,1.4,6.9,0.427,0.468,0.389,0.792,0.558,52.707,G,josepco01
262,Ty Jerome,816,2022-23,25,GSW,45,2,0,18.1,2.6,5.4,1.8,3.4,0.8,2,0.8,0.9,0.2,1.6,1.7,3,0.5,0.1,0.7,1.4,6.9,0.488,0.546,0.389,0.927,0.594,55.992,G,jeromty01
263,Aaron Wiggins,1297,2022-23,24,OKC,70,14,0,18.5,2.7,5.2,2,3.4,0.7,1.7,0.8,1,1,2,3,1.1,0.6,0.2,0.8,1.6,6.8,0.512,0.573,0.393,0.831,0.607,57.851,G,wiggiaa01
264,Jeremiah Robinson-Earl,814,2022-23,22,OKC,43,20,0,18.9,2.6,5.8,1.7,3.2,0.9,2.6,0.8,1,1.7,2.5,4.2,1,0.6,0.3,0.4,1.7,6.8,0.444,0.533,0.333,0.833,0.548,51.815,F,robinje02
265,Larry Nance Jr.,1381,2022-23,30,NOP,65,1,0,21.2,2.9,4.7,2.6,4,0.2,0.6,0.8,1.2,1.6,3.8,5.4,1.8,0.9,0.6,0.6,2,6.8,0.61,0.654,0.333,0.696,0.649,63.279,F-C,nancela02
266,Will Barton,993,2022-23,32,TORWAS,56,2,0,17.7,2.5,6.5,1.3,3.3,1.2,3.2,0.7,0.8,0.3,2.2,2.4,2,0.5,0.2,0.9,1,6.8,0.379,0.391,0.367,0.787,0.493,46.978,G,bartowi01
267,Justise Winslow,776,2022-23,26,POR,29,11,0,26.8,2.8,6.8,2.3,5.3,0.5,1.6,0.7,1,1.7,3.3,5,3.4,1,0.4,1.5,3.1,6.8,0.409,0.438,0.311,0.714,0.466,44.444,F,winslju01
268,Terence Davis,841,2022-23,25,SAC,64,5,0,13.1,2.4,5.7,1,1.9,1.4,3.8,0.5,0.7,0.3,1.9,2.2,1,0.7,0.2,0.8,1.6,6.7,0.423,0.537,0.366,0.791,0.563,54.533,G,daviste02
269,Théo Maledon,854,2022-23,21,CHO,44,7,0,19.4,2.3,5.8,1.7,3.6,0.6,2.2,1.4,1.7,0.3,2.5,2.8,3.5,0.8,0.3,1.3,1.4,6.7,0.402,0.465,0.295,0.851,0.515,45.669,G,maledth01
270,Anthony Lamb,1195,2022-23,25,GSW,62,4,0,19.3,2.4,5.1,1.2,1.9,1.2,3.2,0.7,1,0.9,2.6,3.5,1.5,0.5,0.3,0.9,2.2,6.7,0.471,0.652,0.367,0.767,0.61,58.758,F,lamban01
271,Dwight Powell,1458,2022-23,31,DAL,76,64,0,19.2,2.6,3.5,2.6,3.5,0,0.1,1.5,2.2,2,2.2,4.1,0.9,0.6,0.3,0.9,2.8,6.7,0.732,0.746,0,0.667,0.738,73.234,F-C,poweldw01
272,David Roddy,1258,2022-23,21,MEM,70,4,0,18,2.6,6,1.6,3,0.9,3,0.6,0.9,0.7,2,2.8,0.8,0.4,0.3,0.8,1.5,6.7,0.429,0.553,0.307,0.631,0.519,50.595,F,roddyda01
273,Isaiah Livers,1199,2022-23,24,DET,52,22,0,23.1,2.3,5.5,0.9,1.6,1.4,3.9,0.6,0.8,0.5,2.2,2.8,0.8,0.5,0.5,0.6,2,6.7,0.417,0.541,0.365,0.821,0.567,54.514,F,liveris01
274,Nassir Little,976,2022-23,22,POR,54,4,0,18.1,2.5,5.6,1.4,2.7,1.1,2.9,0.6,0.9,0.5,2.1,2.6,0.9,0.4,0.4,0.7,1.2,6.6,0.442,0.524,0.367,0.717,0.555,53.795,F,littlna01
275,Drew Eubanks,1584,2022-23,25,POR,78,28,0,20.3,2.7,4.3,2.7,4.1,0.1,0.2,1.1,1.6,1.7,3.7,5.4,1.3,0.5,1.3,0.9,2.2,6.6,0.641,0.655,0.389,0.664,0.666,65.12,F,eubandr01
276,Jock Landale,979,2022-23,27,PHO,69,4,0,14.2,2.6,4.9,2.3,3.7,0.3,1.2,1.1,1.5,1.7,2.3,4.1,1,0.2,0.4,0.9,1.8,6.6,0.528,0.621,0.25,0.752,0.595,55.935,C,landajo01
277,Mo Bamba,769,2022-23,24,LALORL,49,7,0,15.7,2.4,4.9,1.4,2.4,1,2.5,0.8,1.3,1.2,3.4,4.6,0.9,0.3,0.9,0.6,2.1,6.6,0.485,0.59,0.387,0.661,0.602,58.506,C,bambamo01
278,Kevin Knox,952,2022-23,23,DETPOR,63,5,0,15.1,2.4,5.3,1.4,2.3,1,3,0.7,1,0.5,2.3,2.8,0.5,0.4,0.2,0.8,1.5,6.6,0.458,0.596,0.349,0.767,0.579,55.572,F,knoxke01
279,Jordan Goodwin,1106,2022-23,24,WAS,62,7,0,17.8,2.5,5.7,1.9,3.8,0.6,1.9,0.9,1.1,0.9,2.4,3.3,2.7,0.9,0.4,0.9,1.5,6.6,0.448,0.511,0.322,0.768,0.531,50.142,G,goodwjo01
280,Isaac Okoro,1652,2022-23,22,CLE,76,46,0,21.7,2.3,4.7,1.5,2.4,0.8,2.3,1,1.4,0.7,1.8,2.5,1.1,0.7,0.4,0.6,2.1,6.4,0.494,0.617,0.363,0.757,0.614,58.192,G-F,okorois01
281,R.J. Hampton,750,2022-23,21,DETORL,47,3,0,16,2.2,5,1.3,2.6,0.9,2.5,1.2,1.6,0.4,1.5,1.9,1.1,0.6,0.2,0.9,1.1,6.4,0.43,0.504,0.353,0.75,0.558,51.688,G,hamptrj01
282,JaMychal Green,797,2022-23,32,GSW,57,1,0,14,2.4,4.4,1.6,2.5,0.7,1.9,0.9,1.2,1.3,2.3,3.6,0.9,0.4,0.4,0.9,1.8,6.4,0.54,0.667,0.378,0.776,0.65,62.302,F,greenja01
283,Sam Hauser,1290,2022-23,25,BOS,80,8,0,16.1,2.3,5,0.5,0.8,1.8,4.2,0.2,0.2,0.4,2.1,2.6,0.9,0.4,0.3,0.4,1.2,6.4,0.455,0.656,0.418,0.706,0.634,63.131,F,hausesa01
284,Duncan Robinson,691,2022-23,28,MIA,42,1,0,16.5,2.1,5.6,0.6,1.1,1.5,4.6,0.7,0.8,0.2,1.5,1.6,1.1,0.3,0,0.7,1.8,6.4,0.371,0.556,0.328,0.906,0.534,50.422,G-F,robindu01
285,Dario Šarić,806,2022-23,28,OKCPHO,57,12,0,14.1,2.2,4.9,1.4,2.8,0.8,2,1.1,1.3,0.9,2.7,3.6,1.3,0.4,0.1,1,1.7,6.4,0.458,0.506,0.391,0.829,0.583,53.971,F-C,saricda01
286,Simone Fontecchio,766,2022-23,27,UTA,52,6,0,14.7,2.2,6,1,2.3,1.2,3.7,0.7,0.8,0.6,1.1,1.7,0.8,0.3,0.2,0.8,1.2,6.3,0.369,0.43,0.33,0.795,0.495,46.955,F,fontesi01
287,Goran Dragić,870,2022-23,36,CHIMIL,58,0,0,15,2.4,5.8,1.5,3.3,0.9,2.5,0.5,0.8,0.3,1.1,1.4,2.6,0.2,0.1,1.1,1.1,6.3,0.421,0.468,0.359,0.689,0.514,49.851,G,dragigo01
288,Patrick Beverley,1816,2022-23,34,CHILAL,67,67,0,27.1,2.1,5.4,1,1.8,1.2,3.6,0.7,1,0.7,3,3.7,2.9,0.9,0.6,0.9,2.8,6.2,0.4,0.529,0.335,0.723,0.534,51.111,G,beverpa01
289,Nickeil Alexander-Walker,884,2022-23,24,MINUTA,59,3,0,15,2.2,5,1.2,2.3,1,2.7,0.7,1,0.3,1.5,1.7,1.8,0.5,0.4,0.9,1.5,6.2,0.444,0.515,0.384,0.667,0.565,54.746,G,alexani01
290,Patty Mills,567,2022-23,34,BRK,40,2,0,14.2,2.2,5.2,0.9,1.9,1.2,3.4,0.6,0.8,0.2,0.9,1.1,1.4,0.4,0.1,0.8,0.8,6.2,0.411,0.493,0.366,0.833,0.554,52.871,G,millspa02
291,Nicolas Batum,1709,2022-23,34,LAC,78,19,0,21.9,2.1,4.9,0.5,0.8,1.6,4.1,0.4,0.6,0.8,3,3.8,1.6,0.7,0.6,0.6,1.9,6.1,0.42,0.563,0.391,0.708,0.594,58.268,F-G,batumni01
292,Oshae Brissett,1083,2022-23,24,IND,65,2,0,16.7,1.9,4.9,1.2,2.5,0.7,2.4,1.6,2.2,1,2.4,3.4,0.7,0.5,0.2,0.5,1.2,6.1,0.386,0.457,0.31,0.717,0.52,46.082,F,brissos01
293,Sandro Mamukelashvili,660,2022-23,23,MILSAS,43,7,0,15.3,2.3,5.3,1.6,3,0.7,2.3,0.9,1.3,1.6,2.7,4.3,1.4,0.3,0.3,0.8,1.2,6.1,0.422,0.511,0.303,0.684,0.516,48.696,C-F,mamuksa01
294,Mike Muscala,945,2022-23,31,BOSOKC,63,9,0,15,2.1,4.6,0.8,1.3,1.3,3.3,0.6,0.8,0.6,2.6,3.2,0.8,0.2,0.4,0.4,1.6,6.1,0.449,0.588,0.391,0.769,0.608,58.733,F-C,muscami01
295,Robert Covington,779,2022-23,32,LAC,48,0,0,16.2,2.1,4.8,1,1.9,1.1,2.8,0.6,0.8,0.6,2.8,3.5,1.2,0.8,0.7,0.7,1.8,6,0.445,0.516,0.397,0.75,0.584,56.332,F-C,covinro01
296,Andre Drummond,849,2022-23,29,CHI,67,0,0,12.7,2.5,4.1,2.5,4,0,0,1,1.9,2.1,4.6,6.6,0.5,0.7,0.4,1.1,1.7,6,0.606,0.613,0,0.536,0.606,60.584,C,drumman01
297,Maxi Kleber,930,2022-23,31,DAL,37,5,0,25.1,2.1,4.6,1,1.5,1.1,3,0.7,1,0.8,2.8,3.6,1.4,0.3,0.8,0.7,2.3,5.9,0.456,0.667,0.348,0.711,0.592,57.101,F,klebima01
298,Jaylin Williams,914,2022-23,20,OKC,49,36,0,18.7,2.1,4.8,1.1,2.5,0.9,2.3,0.8,1.1,0.9,4,4.9,1.6,0.6,0.2,0.8,2.3,5.9,0.436,0.463,0.407,0.704,0.559,53.419,F,willija07
299,Josh Christopher,786,2022-23,21,HOU,64,2,0,12.3,2.4,5.1,2.1,3.8,0.3,1.4,0.7,0.9,0.3,0.8,1.1,1.1,0.5,0.2,0.9,0.9,5.8,0.465,0.55,0.236,0.75,0.523,49.696,G,chrisjo01
300,Rodney McGruder,524,2022-23,31,DET,32,12,0,16.4,1.9,4.8,0.7,1.7,1.3,3,0.6,0.7,0.6,1.7,2.3,0.9,0.5,0,0.3,1.2,5.7,0.408,0.382,0.423,0.818,0.566,54.276,G,mcgruro01
301,Charles Bassey,508,2022-23,22,SAS,35,2,0,14.5,2.5,3.9,2.4,3.6,0.1,0.2,0.6,1.1,2.1,3.4,5.5,1.3,0.5,0.9,1.2,2.1,5.7,0.644,0.661,0.375,0.595,0.658,65.556,C,bassech01
302,Ziaire Williams,561,2022-23,21,MEM,37,4,0,15.2,2.3,5.3,1.6,2.7,0.7,2.6,0.5,0.6,0.4,1.7,2.1,0.9,0.4,0.2,1,1.6,5.7,0.429,0.596,0.258,0.773,0.511,49.235,F,willizi02
303,Jalen Johnson,1042,2022-23,21,ATL,70,6,0,14.9,2.3,4.6,1.8,3.1,0.4,1.5,0.7,1.1,0.7,3.3,4,1.2,0.5,0.5,0.6,1.6,5.6,0.491,0.587,0.288,0.628,0.554,53.727,F,johnsja05
304,Davion Mitchell,1447,2022-23,24,SAC,80,9,0,18.1,2.3,5,1.5,2.5,0.8,2.5,0.3,0.4,0.2,1.1,1.3,2.3,0.6,0.2,0.8,1.4,5.6,0.454,0.584,0.32,0.806,0.545,53.258,G,mitchda01
305,Payton Pritchard,643,2022-23,25,BOS,48,3,0,13.4,2.1,5.1,0.9,1.9,1.2,3.2,0.3,0.3,0.5,1.3,1.8,1.3,0.3,0,0.8,0.8,5.6,0.412,0.495,0.364,0.75,0.536,52.653,G,pritcpa01
306,James Bouknight,515,2022-23,22,CHO,34,0,0,15.1,2,5.7,1.1,2.5,1,3.2,0.6,0.9,0.2,1.9,2.1,1.2,0.4,0.1,0.9,1.4,5.6,0.358,0.429,0.303,0.667,0.463,44.301,G,bouknja01
307,Montrezl Harrell,681,2022-23,29,PHI,57,7,0,11.9,2.2,3.7,2.2,3.6,0,0.1,1.2,1.8,1.2,1.6,2.8,0.6,0.3,0.4,0.6,1.3,5.6,0.598,0.616,0,0.693,0.631,59.809,F-C,harremo01
308,Alex Caruso,1575,2022-23,28,CHI,67,36,0,23.5,1.9,4.3,1.1,2,0.8,2.3,0.9,1.1,0.6,2.3,2.9,2.9,1.5,0.7,1.1,2.4,5.6,0.455,0.556,0.364,0.808,0.588,55.07,G,carusal01
309,Yuta Watanabe,928,2022-23,28,BRK,58,1,0,16,2,4,0.9,1.7,1,2.3,0.6,0.8,0.5,1.9,2.4,0.8,0.4,0.3,0.4,1.4,5.6,0.491,0.557,0.444,0.723,0.637,62.069,F,watanyu01
310,Wenyen Gabriel,1024,2022-23,25,LAL,68,2,0,15.1,2.3,3.8,2.1,3.3,0.1,0.5,0.8,1.2,1.7,2.5,4.2,0.5,0.4,0.5,0.7,2.1,5.5,0.596,0.647,0.278,0.619,0.626,61.538,F,gabriwe01
311,Bryce McGowens,787,2022-23,20,CHO,46,7,0,17.1,1.7,4.4,1.2,2.7,0.6,1.7,1.3,1.7,0.4,1.6,2,1.2,0.3,0.1,0.9,1,5.3,0.396,0.443,0.325,0.75,0.519,46.04,G-F,mcgowbr01
312,Lamar Stevens,1120,2022-23,25,CLE,62,25,0,18.1,2.1,4.6,1.6,3.1,0.5,1.5,0.6,0.9,0.8,2.6,3.3,0.5,0.4,0.3,0.4,1.3,5.3,0.448,0.513,0.316,0.702,0.524,50,F,stevela01
313,Rudy Gay,816,2022-23,36,UTA,56,0,0,14.6,1.9,5.1,1.4,2.8,0.6,2.3,0.8,0.9,0.6,2.3,2.9,1,0.3,0.3,0.7,1.2,5.2,0.38,0.484,0.254,0.857,0.475,43.728,F,gayru01
314,Zeke Nnaji,728,2022-23,22,DEN,53,5,0,13.7,2.1,3.7,1.8,2.5,0.3,1.2,0.8,1.2,1.2,1.4,2.6,0.3,0.3,0.4,0.6,2,5.2,0.561,0.71,0.262,0.645,0.62,60.459,F,nnajize01
315,Lindy Waters III,531,2022-23,25,OKC,41,0,0,13,1.7,4.3,0.3,0.4,1.4,4,0.4,0.5,0.4,1.4,1.8,0.7,0.3,0.3,0.2,1,5.2,0.393,0.75,0.358,0.8,0.573,55.618,G,waterli01
316,Darius Bazley,616,2022-23,22,OKCPHO,43,1,0,14.3,1.9,4.3,1.5,3,0.5,1.2,0.9,1.6,0.8,2.4,3.2,0.9,0.5,0.8,0.6,1,5.2,0.454,0.485,0.377,0.543,0.524,50.82,F,bazleda01
317,Ricky Rubio,566,2022-23,32,CLE,33,2,0,17.2,1.8,5.4,1.2,2.9,0.6,2.5,0.8,1.1,0.3,1.8,2.1,3.5,0.8,0.2,0.9,1.5,5.2,0.343,0.417,0.256,0.8,0.442,40.169,G,rubiori01
318,MarJon Beauchamp,701,2022-23,22,MIL,52,11,0,13.5,1.8,4.7,0.9,1.9,0.9,2.7,0.5,0.7,0.7,1.5,2.2,0.7,0.4,0.1,0.9,1.4,5.1,0.395,0.485,0.331,0.73,0.513,49.177,G,beaucma01
319,DeAndre Jordan,586,2022-23,34,DEN,39,8,0,15,2.3,2.9,2.2,2.9,0,0,0.6,1.2,1.3,3.8,5.2,0.9,0.3,0.6,1.2,1.8,5.1,0.765,0.763,1,0.458,0.731,76.957,C,jordade01
320,John Konchar,1494,2022-23,26,MEM,72,23,0,20.8,1.9,4.4,1.1,2,0.8,2.5,0.4,0.5,0.9,3.4,4.3,1.4,1.1,0.3,0.5,1.6,5.1,0.431,0.545,0.339,0.778,0.542,52.5,G,konchjo01
321,George Hill,834,2022-23,36,INDMIL,46,1,0,18.1,1.7,3.6,1,1.5,0.7,2.1,0.9,1.2,0.3,1.5,1.8,2.4,0.6,0.1,0.7,1.2,5,0.47,0.62,0.358,0.764,0.61,57.229,G,hillge01
322,Derrick Jones Jr.,893,2022-23,25,CHI,64,0,0,14,1.8,3.6,1.4,2.3,0.4,1.3,1,1.3,0.9,1.5,2.4,0.5,0.5,0.6,0.4,1.3,5,0.5,0.587,0.338,0.738,0.597,55.87,F,jonesde02
323,Blake Wesley,669,2022-23,19,SAS,37,1,0,18.1,1.9,5.8,1.3,4.4,0.5,1.4,0.7,1.2,0.3,1.9,2.2,2.7,0.7,0.1,1.8,1.8,5,0.321,0.301,0.385,0.591,0.393,36.744,G,weslebl01
324,Jaxson Hayes,610,2022-23,22,NOP,47,2,0,13,1.8,3.3,1.8,2.7,0.1,0.6,1.2,1.8,0.8,2,2.8,0.7,0.4,0.4,0.7,1.4,5,0.551,0.654,0.103,0.699,0.605,56.09,F,hayesja02
325,Isaiah Hartenstein,1626,2022-23,24,NYK,82,8,0,19.8,2.1,4,2,3.5,0.1,0.5,0.6,0.9,2.5,4,6.5,1.2,0.6,0.8,0.8,2.6,5,0.535,0.576,0.216,0.676,0.567,54.74,F,harteis01
326,Vlatko Čančar,889,2022-23,25,DEN,60,9,0,14.8,1.8,3.8,1.1,1.9,0.7,1.9,0.6,0.7,0.4,1.7,2.1,1.3,0.4,0.2,0.6,1.4,5,0.476,0.58,0.374,0.927,0.606,57.048,F,cancavl01
327,Ousmane Dieng,569,2022-23,19,OKC,39,1,0,14.6,1.9,4.6,1.3,2.1,0.7,2.5,0.4,0.6,0.5,2.2,2.7,1.2,0.4,0.2,0.7,1.1,4.9,0.42,0.602,0.265,0.652,0.505,49.171,F,diengou01
328,Austin Rivers,1016,2022-23,30,MIN,52,10,0,19.5,1.8,4,0.9,1.7,0.8,2.4,0.6,0.8,0.1,1.5,1.6,1.4,0.5,0.1,0.4,1.5,4.9,0.435,0.558,0.35,0.769,0.564,53.828,G,riverau01
329,Chimezie Metu,689,2022-23,25,SAC,66,0,0,10.4,2,3.3,1.8,2.7,0.1,0.6,0.8,1.1,0.7,2.3,3,0.6,0.3,0.3,0.5,1.2,4.9,0.589,0.663,0.237,0.74,0.639,60.959,F-C,metuch01
330,Moses Moody,817,2022-23,20,GSW,63,3,0,13,1.7,3.6,0.9,1.5,0.8,2.1,0.6,0.8,0.4,1.2,1.7,0.8,0.3,0.1,0.5,0.9,4.8,0.476,0.641,0.363,0.698,0.603,58.37,G,moodymo01
331,Danuel House Jr.,807,2022-23,29,PHI,56,5,0,14.4,1.7,3.5,1,1.6,0.7,2,0.8,1.1,0.2,1.5,1.7,0.8,0.3,0.2,0.5,1.2,4.8,0.472,0.644,0.336,0.75,0.6,56.599,G,houseda01
332,Garrison Mathews,686,2022-23,26,ATLHOU,54,0,0,12.7,1.4,3.7,0.2,0.4,1.2,3.3,0.9,1,0.2,1.1,1.4,0.5,0.4,0.1,0.4,1.1,4.8,0.363,0.476,0.35,0.906,0.573,51.99,G,mathega01
333,Chuma Okeke,518,2022-23,24,ORL,27,8,0,19.2,1.6,4.5,0.6,1.3,1,3.2,0.6,0.8,1,2.6,3.6,1.4,0.7,0.4,0.6,1.5,4.7,0.352,0.472,0.302,0.762,0.488,45.902,F,okekech01
334,Christian Braun,1181,2022-23,21,DEN,76,6,0,15.5,1.9,3.8,1.4,2.5,0.4,1.3,0.5,0.8,0.6,1.8,2.4,0.8,0.5,0.2,0.5,1.3,4.7,0.495,0.565,0.354,0.625,0.568,55.363,G,braunch01
335,Day'Ron Sharpe,552,2022-23,21,BRK,48,3,0,11.5,1.9,3.6,1.8,3.3,0.1,0.2,0.7,1.1,2.1,2.1,4.2,0.8,0.3,0.7,0.9,1.9,4.7,0.544,0.544,0.545,0.636,0.581,56.14,C,sharpda01
336,Dean Wade,891,2022-23,26,CLE,44,13,0,20.3,1.7,4,0.6,1.1,1,2.9,0.3,0.5,0.5,3,3.4,0.8,0.6,0.5,0.4,2,4.7,0.412,0.56,0.354,0.652,0.55,53.955,F,wadede01
337,Malachi Flynn,691,2022-23,24,TOR,53,2,0,13,1.6,4.6,0.8,2.1,0.9,2.5,0.5,0.6,0.3,1.2,1.4,1.3,0.4,0.1,0.5,1.2,4.6,0.36,0.367,0.353,0.758,0.479,45.661,G,flynnma01
338,Justin Holiday,706,2022-23,33,ATLDAL,46,2,0,15.3,1.7,4.4,0.7,1.3,1,3.1,0.1,0.2,0.1,1.1,1.2,0.9,0.4,0.4,0.5,1.5,4.5,0.377,0.508,0.322,0.625,0.494,49.02,F,holidju01
339,Thaddeus Young,795,2022-23,34,TOR,54,9,0,14.7,2,3.7,1.9,3,0.1,0.6,0.3,0.5,1.3,1.8,3.1,1.4,1,0.1,0.8,1.6,4.4,0.545,0.622,0.176,0.692,0.573,56.061,F,youngth01
340,Haywood Highsmith,969,2022-23,26,MIA,54,11,0,17.9,1.7,4,1,2,0.7,2,0.2,0.5,1.1,2.4,3.5,0.8,0.7,0.3,0.8,1.5,4.4,0.431,0.523,0.339,0.464,0.517,51.62,F,highsha01
341,Bismack Biyombo,874,2022-23,30,PHO,61,14,0,14.3,2,3.4,2,3.4,0,0,0.4,1.1,1.5,2.8,4.3,0.9,0.3,1.4,0.8,1.9,4.3,0.578,0.578,,0.357,0.555,57.767,C-F,biyombi01
342,Ish Wainright,915,2022-23,28,PHO,60,2,0,15.3,1.4,3.8,0.5,0.9,1,2.9,0.4,0.5,0.8,1.6,2.3,0.9,0.6,0.4,0.4,2,4.2,0.37,0.5,0.329,0.839,0.522,49.559,F,wainris01
343,Paul Reed,755,2022-23,23,PHI,69,2,0,10.9,1.8,3,1.8,2.9,0,0.1,0.6,0.7,1.6,2.2,3.8,0.4,0.7,0.7,0.7,1.8,4.2,0.593,0.606,0.167,0.745,0.62,59.569,F,reedpa01
344,Blake Griffin,569,2022-23,33,BOS,41,16,0,13.9,1.5,3.2,1,1.6,0.6,1.6,0.5,0.8,1.1,2.6,3.8,1.5,0.3,0.2,0.5,1.8,4.1,0.485,0.625,0.348,0.656,0.59,57.308,F-C,griffbl01
345,Matisse Thybulle,1200,2022-23,25,PHIPOR,71,28,0,16.9,1.5,3.6,0.8,1.5,0.8,2.1,0.3,0.4,0.6,1.4,2,0.7,1.2,0.5,0.3,1.6,4.1,0.435,0.533,0.365,0.679,0.552,54.15,G,thybuma01
346,Daishen Nix,914,2022-23,20,HOU,57,7,0,16,1.4,4.2,0.7,1.7,0.7,2.5,0.4,0.6,0.3,1.4,1.7,2.3,0.5,0.1,1.5,1,4,0.342,0.423,0.286,0.667,0.447,42.616,G,nixda01
347,Aaron Holiday,845,2022-23,26,ATL,63,6,0,13.4,1.5,3.5,0.9,2.1,0.6,1.4,0.4,0.5,0.4,0.8,1.2,1.4,0.6,0.2,0.6,1.3,3.9,0.418,0.424,0.409,0.844,0.528,50,G,holidaa01
348,Jabari Walker,619,2022-23,20,POR,56,0,0,11.1,1.5,3.5,1.2,2.5,0.3,1,0.6,0.8,0.9,1.5,2.3,0.6,0.2,0.2,0.5,1.2,3.9,0.419,0.472,0.286,0.756,0.496,45.96,F,walkeja01
349,Dyson Daniels,1042,2022-23,19,NOP,59,11,0,17.7,1.5,3.5,1,2.1,0.5,1.5,0.4,0.7,0.6,2.6,3.2,2.3,0.7,0.2,1,1.7,3.8,0.418,0.492,0.314,0.65,0.503,48.317,G,daniedy01
350,JT Thor,969,2022-23,20,CHO,69,8,0,14,1.4,3.4,0.8,1.7,0.6,1.8,0.5,0.7,0.5,1.7,2.2,0.5,0.3,0.3,0.6,1,3.8,0.399,0.487,0.317,0.702,0.506,48.109,F,thorjt01
351,Caleb Houstan,812,2022-23,20,ORL,51,4,0,15.9,1.3,3.6,0.4,0.9,0.9,2.7,0.3,0.4,0.7,1.3,1.9,0.6,0.2,0.1,0.4,1.2,3.8,0.363,0.435,0.338,0.833,0.508,48.901,G-F,houstca01
352,Luke Kornet,804,2022-23,27,BOS,69,0,0,11.7,1.6,2.5,1.6,2.3,0,0.2,0.5,0.6,1.2,1.6,2.9,0.8,0.2,0.7,0.4,1.2,3.8,0.665,0.701,0.231,0.821,0.697,67.353,C-F,kornelu01
353,Jordan McLaughlin,678,2022-23,26,MIN,43,0,0,15.8,1.4,3.4,0.9,1.6,0.6,1.8,0.3,0.4,0.3,1.1,1.4,3.4,0.7,0.1,0.8,0.7,3.7,0.421,0.552,0.308,0.833,0.526,50.345,G,mclaujo01
354,P.J. Tucker,1920,2022-23,37,PHI,75,75,0,25.6,1.3,3,0.5,1.1,0.7,1.9,0.3,0.3,1.3,2.7,3.9,0.8,0.5,0.2,0.6,2.4,3.5,0.427,0.482,0.393,0.826,0.566,54.889,F,tuckepj01
355,Miles McBride,760,2022-23,22,NYK,64,2,0,11.9,1.2,3.4,0.6,1.3,0.6,2.1,0.4,0.7,0.2,0.6,0.8,1.1,0.6,0.1,0.4,0.9,3.5,0.358,0.457,0.299,0.667,0.475,45.116,G,mcbrimi01
356,Wesley Matthews,820,2022-23,36,MIL,52,0,0,15.8,1.1,3.1,0.4,0.7,0.8,2.4,0.5,0.5,0.7,1.5,2.2,0.7,0.4,0.3,0.3,1.4,3.4,0.363,0.528,0.315,0.857,0.519,48.438,G,matthwe02
357,Amir Coffey,625,2022-23,25,LAC,50,9,0,12.5,1.1,2.9,0.9,2.1,0.2,0.8,1,1.3,0.3,0.7,1.1,1.1,0.1,0.1,0.4,1,3.4,0.386,0.429,0.275,0.778,0.498,42.414,G,coffeam01
358,Jericho Sims,812,2022-23,24,NYK,52,16,0,15.6,1.6,2.1,1.6,2,0,0,0.2,0.3,1.9,2.8,4.7,0.5,0.3,0.5,0.5,1.8,3.4,0.776,0.783,0,0.75,0.78,77.57,F,simsje01
359,Kai Jones,550,2022-23,22,CHO,46,0,0,12,1.5,2.6,1.4,2.2,0.1,0.4,0.4,0.6,0.8,1.9,2.7,0.3,0.4,0.7,0.7,1.4,3.4,0.558,0.624,0.211,0.731,0.597,57.5,F-C,joneska01
360,Anthony Gill,624,2022-23,30,WAS,59,8,0,10.6,1.2,2.2,1.1,1.7,0.1,0.5,0.8,1.1,0.6,1.1,1.7,0.6,0.1,0.2,0.3,1.2,3.3,0.538,0.65,0.138,0.731,0.604,55.303,F,gillan01
361,Raul Neto,505,2022-23,30,CLE,48,1,0,10.5,1.2,2.3,0.9,1.4,0.3,0.9,0.6,0.7,0.2,0.8,1,1.6,0.4,0.1,0.5,1,3.3,0.518,0.662,0.286,0.912,0.628,57.273,G,netora01
362,Christian Koloko,802,2022-23,22,TOR,58,19,0,13.8,1.2,2.6,1.2,2.4,0,0.2,0.6,1,1.4,1.5,2.9,0.5,0.4,1,0.3,2.2,3.1,0.48,0.514,0.083,0.627,0.517,48.333,C,kolokch01
363,Max Christie,512,2022-23,19,LAL,41,3,0,12.5,1.1,2.6,0.4,1.1,0.6,1.5,0.3,0.4,0.2,1.7,1.8,0.5,0.2,0.2,0.3,0.8,3.1,0.415,0.409,0.419,0.875,0.566,53.774,G,chrisma02
364,Usman Garuba,970,2022-23,20,HOU,75,1,0,12.9,1.1,2.4,0.8,1.6,0.3,0.8,0.4,0.6,1.6,2.5,4.1,0.9,0.6,0.4,0.6,1.8,3,0.486,0.525,0.407,0.617,0.569,55.367,F,garubus01
365,Juan Toscano-Anderson,700,2022-23,29,LALUTA,52,9,0,13.5,1.2,2.8,1.1,1.9,0.2,0.8,0.4,0.5,0.5,1.8,2.4,1.3,0.3,0.2,0.7,1.5,3,0.448,0.56,0.186,0.792,0.505,47.552,F,toscaju01
366,Juancho Hernangómez,614,2022-23,27,TOR,42,10,0,14.6,1.1,2.7,0.7,1.1,0.4,1.6,0.2,0.4,0.6,2.3,2.9,0.6,0.4,0.1,0.4,1,2.9,0.421,0.66,0.254,0.563,0.504,49.561,F,hernaju01
367,Frank Ntilikina,607,2022-23,24,DAL,47,5,0,12.9,1,2.8,0.7,1.4,0.4,1.4,0.5,0.7,0.1,1.2,1.3,1.2,0.3,0.1,0.6,1.4,2.9,0.364,0.477,0.254,0.667,0.461,42.803,G,ntilila01